identity,reference_image,detector_success,det_thresh,bbox
14,Data/img_align_celeba/051809.jpg,True,0.1,"[37.42866516113281,61.719482421875,126.65569305419922,187.2334747314453]"
14,Data/img_align_celeba/052645.jpg,True,0.1,"[49.465301513671875,65.55602264404297,130.68496704101562,183.206298828125]"
14,Data/img_align_celeba/055899.jpg,True,0.1,"[46.0565185546875,65.1802749633789,129.70431518554688,183.8713836669922]"
95,Data/img_align_celeba/032499.jpg,True,0.1,"[48.293094635009766,69.89453887939453,133.9261016845703,190.65664672851562]"
95,Data/img_align_celeba/033427.jpg,True,0.1,"[55.91590881347656,66.7550048828125,149.0413055419922,193.2373046875]"
95,Data/img_align_celeba/041180.jpg,True,0.1,"[43.31488800048828,69.8073501586914,134.23643493652344,186.0110626220703]"
102,Data/img_align_celeba/024132.jpg,True,0.1,"[20.705873489379883,52.44390106201172,111.36872100830078,188.7189178466797]"
102,Data/img_align_celeba/031792.jpg,True,0.1,"[51.13649368286133,62.845245361328125,133.46688842773438,180.73033142089844]"
102,Data/img_align_celeba/045696.jpg,True,0.1,"[32.385826110839844,59.104549407958984,117.48078155517578,184.82684326171875]"
220,Data/img_align_celeba/019266.jpg,True,0.1,"[54.393882751464844,56.09930419921875,151.6248321533203,184.54656982421875]"
220,Data/img_align_celeba/024919.jpg,True,0.1,"[46.337276458740234,67.57291412353516,124.6422348022461,184.1915283203125]"
220,Data/img_align_celeba/031223.jpg,True,0.1,"[30.970623016357422,68.38492584228516,116.01905059814453,187.02987670898438]"
222,Data/img_align_celeba/016313.jpg,True,0.1,"[25.286354064941406,73.1124267578125,120.27201843261719,184.90255737304688]"
222,Data/img_align_celeba/035502.jpg,True,0.1,"[57.46677780151367,81.50621795654297,134.56521606445312,179.21290588378906]"
222,Data/img_align_celeba/036967.jpg,True,0.1,"[62.69824981689453,61.81050491333008,159.23870849609375,192.2406463623047]"
238,Data/img_align_celeba/010355.jpg,True,0.1,"[44.45642852783203,63.17032241821289,130.0708770751953,174.49655151367188]"
238,Data/img_align_celeba/015935.jpg,True,0.1,"[29.671646118164062,50.48369216918945,124.73917388916016,193.65231323242188]"
238,Data/img_align_celeba/017708.jpg,True,0.1,"[40.140380859375,66.55780029296875,130.1930694580078,184.35409545898438]"
289,Data/img_align_celeba/026710.jpg,True,0.1,"[46.80862045288086,59.82059860229492,130.97076416015625,185.69509887695312]"
289,Data/img_align_celeba/034994.jpg,True,0.1,"[51.397193908691406,63.60107421875,133.36143493652344,182.89593505859375]"
289,Data/img_align_celeba/038904.jpg,True,0.1,"[35.31494140625,58.91291046142578,123.84660339355469,186.825927734375]"
294,Data/img_align_celeba/087298.jpg,True,0.1,"[62.263824462890625,66.44952392578125,145.14889526367188,182.5696563720703]"
294,Data/img_align_celeba/091201.jpg,True,0.1,"[45.02268600463867,63.31937789916992,136.08343505859375,186.5565185546875]"
294,Data/img_align_celeba/096793.jpg,True,0.1,"[49.2679328918457,65.88816833496094,136.16561889648438,181.12033081054688]"
358,Data/img_align_celeba/039249.jpg,True,0.1,"[58.13141632080078,67.21467590332031,133.12686157226562,179.97906494140625]"
358,Data/img_align_celeba/041850.jpg,True,0.1,"[31.241865158081055,57.458919525146484,113.41317749023438,182.17745971679688]"
358,Data/img_align_celeba/050492.jpg,True,0.1,"[32.42721176147461,59.400325775146484,117.22135925292969,180.3812255859375]"
384,Data/img_align_celeba/015512.jpg,True,0.1,"[30.363670349121094,56.101341247558594,128.19081115722656,188.85389709472656]"
384,Data/img_align_celeba/016341.jpg,True,0.1,"[49.60601043701172,61.608482360839844,136.27011108398438,182.625732421875]"
384,Data/img_align_celeba/028984.jpg,True,0.1,"[51.143890380859375,52.196903228759766,142.7191162109375,190.4286651611328]"
409,Data/img_align_celeba/036433.jpg,True,0.1,"[47.91377258300781,64.68177795410156,136.4580535888672,186.20960998535156]"
409,Data/img_align_celeba/039703.jpg,True,0.1,"[45.111515045166016,64.28679656982422,136.73532104492188,184.13307189941406]"
409,Data/img_align_celeba/040070.jpg,True,0.1,"[24.188570022583008,56.221649169921875,119.78498840332031,192.4968719482422]"
437,Data/img_align_celeba/010711.jpg,True,0.1,"[48.88239669799805,67.6419677734375,137.5640411376953,182.44406127929688]"
437,Data/img_align_celeba/027183.jpg,True,0.1,"[48.371192932128906,64.37096405029297,133.75726318359375,182.31546020507812]"
437,Data/img_align_celeba/038238.jpg,True,0.1,"[48.11946487426758,62.63445281982422,134.98565673828125,184.0173797607422]"
507,Data/img_align_celeba/047953.jpg,True,0.1,"[60.555782318115234,66.23295593261719,139.5573272705078,179.56045532226562]"
507,Data/img_align_celeba/065840.jpg,True,0.1,"[45.70975875854492,64.55189514160156,125.403564453125,182.85641479492188]"
507,Data/img_align_celeba/068337.jpg,True,0.1,"[52.4286003112793,66.15177917480469,132.04139709472656,182.13674926757812]"
610,Data/img_align_celeba/033908.jpg,True,0.1,"[53.50376892089844,70.7602767944336,141.18185424804688,179.83424377441406]"
610,Data/img_align_celeba/036408.jpg,True,0.1,"[47.030391693115234,46.843711853027344,141.3717041015625,185.6175537109375]"
610,Data/img_align_celeba/043072.jpg,True,0.1,"[46.25115203857422,58.4951286315918,131.54391479492188,182.45001220703125]"
708,Data/img_align_celeba/016857.jpg,True,0.1,"[41.50420379638672,55.71963119506836,132.45620727539062,189.5652313232422]"
708,Data/img_align_celeba/017585.jpg,True,0.1,"[42.51265335083008,58.74306106567383,133.998779296875,190.2948455810547]"
708,Data/img_align_celeba/025565.jpg,True,0.1,"[31.808401107788086,61.171730041503906,118.89525604248047,183.49261474609375]"
831,Data/img_align_celeba/008813.jpg,True,0.1,"[53.541500091552734,68.79283905029297,138.77871704101562,183.04074096679688]"
831,Data/img_align_celeba/013640.jpg,True,0.1,"[50.92103576660156,67.09368896484375,129.1922607421875,179.1763153076172]"
831,Data/img_align_celeba/018660.jpg,True,0.1,"[51.787166595458984,60.49921798706055,147.8012237548828,189.931884765625]"
850,Data/img_align_celeba/048181.jpg,True,0.1,"[53.339080810546875,69.75695037841797,135.8512725830078,177.77584838867188]"
850,Data/img_align_celeba/049814.jpg,True,0.1,"[47.09052276611328,61.48836898803711,135.4196319580078,180.02330017089844]"
850,Data/img_align_celeba/052342.jpg,True,0.1,"[16.191137313842773,36.891849517822266,111.24352264404297,205.9040069580078]"
900,Data/img_align_celeba/040387.jpg,True,0.1,"[39.94643783569336,56.2654914855957,133.71975708007812,183.6223602294922]"
900,Data/img_align_celeba/045158.jpg,True,0.1,"[42.15717315673828,58.69743728637695,127.52104949951172,182.23487854003906]"
900,Data/img_align_celeba/051647.jpg,True,0.1,"[42.35268783569336,57.225929260253906,131.70619201660156,183.87860107421875]"
909,Data/img_align_celeba/015684.jpg,True,0.1,"[44.209041595458984,56.08449172973633,128.16461181640625,186.73089599609375]"
909,Data/img_align_celeba/034885.jpg,True,0.1,"[28.802143096923828,54.627349853515625,116.83616638183594,192.646728515625]"
909,Data/img_align_celeba/035622.jpg,True,0.1,"[51.578765869140625,62.792449951171875,130.40834045410156,179.126220703125]"
931,Data/img_align_celeba/024809.jpg,True,0.1,"[48.18574523925781,62.5173225402832,130.9295196533203,180.24017333984375]"
931,Data/img_align_celeba/031804.jpg,True,0.1,"[45.74210739135742,64.45492553710938,129.3170166015625,176.52096557617188]"
931,Data/img_align_celeba/033308.jpg,True,0.1,"[41.60405349731445,66.99324035644531,122.51083374023438,178.44839477539062]"
955,Data/img_align_celeba/015701.jpg,True,0.1,"[53.49860763549805,62.5947151184082,132.4237823486328,177.2125701904297]"
955,Data/img_align_celeba/024077.jpg,True,0.1,"[51.94575881958008,56.605323791503906,142.3956756591797,184.41201782226562]"
955,Data/img_align_celeba/026925.jpg,True,0.1,"[31.923246383666992,56.767051696777344,114.0466537475586,184.38380432128906]"
1116,Data/img_align_celeba/040824.jpg,True,0.1,"[59.39714431762695,65.06352233886719,151.83200073242188,183.9356231689453]"
1116,Data/img_align_celeba/042326.jpg,True,0.1,"[48.29948806762695,71.24996185302734,134.45359802246094,176.2161865234375]"
1116,Data/img_align_celeba/053126.jpg,True,0.1,"[57.499568939208984,73.41917419433594,136.41162109375,182.43218994140625]"
1221,Data/img_align_celeba/013221.jpg,True,0.1,"[30.962493896484375,64.75120544433594,121.32623291015625,178.6517791748047]"
1221,Data/img_align_celeba/021228.jpg,True,0.1,"[52.005001068115234,62.443321228027344,135.66941833496094,181.46243286132812]"
1221,Data/img_align_celeba/025427.jpg,True,0.1,"[31.818805694580078,62.298336029052734,115.12671661376953,179.1131134033203]"
1351,Data/img_align_celeba/024515.jpg,True,0.1,"[47.4412841796875,68.44718170166016,137.48301696777344,185.06849670410156]"
1351,Data/img_align_celeba/025977.jpg,True,0.1,"[44.011322021484375,63.97665786743164,131.5087432861328,186.44573974609375]"
1351,Data/img_align_celeba/027569.jpg,True,0.1,"[58.363643646240234,61.65901565551758,141.79867553710938,177.56668090820312]"
1368,Data/img_align_celeba/008132.jpg,True,0.1,"[58.8581657409668,63.62274169921875,144.11419677734375,177.8536376953125]"
1368,Data/img_align_celeba/016451.jpg,True,0.1,"[58.900630950927734,60.60615539550781,143.9539337158203,176.93148803710938]"
1368,Data/img_align_celeba/042839.jpg,True,0.1,"[56.044464111328125,57.38199234008789,137.8366241455078,178.88153076171875]"
1375,Data/img_align_celeba/029236.jpg,True,0.1,"[59.371131896972656,69.73031616210938,142.3418731689453,181.96534729003906]"
1375,Data/img_align_celeba/032521.jpg,True,0.1,"[49.456390380859375,54.30213928222656,149.40097045898438,188.51377868652344]"
1375,Data/img_align_celeba/044063.jpg,True,0.1,"[56.56782913208008,60.18385696411133,142.7396240234375,177.00148010253906]"
1420,Data/img_align_celeba/024603.jpg,True,0.1,"[49.098907470703125,67.4071044921875,128.1648406982422,176.23190307617188]"
1420,Data/img_align_celeba/027596.jpg,True,0.1,"[40.784603118896484,68.4222640991211,122.47938537597656,179.18698120117188]"
1420,Data/img_align_celeba/037207.jpg,True,0.1,"[49.70872497558594,65.50182342529297,130.75172424316406,178.13485717773438]"
1426,Data/img_align_celeba/046033.jpg,True,0.1,"[46.340457916259766,66.94822692871094,135.35694885253906,182.44989013671875]"
1426,Data/img_align_celeba/054861.jpg,True,0.1,"[47.74604415893555,66.98831176757812,133.869140625,181.77532958984375]"
1426,Data/img_align_celeba/061317.jpg,True,0.1,"[48.81328582763672,64.7890853881836,137.82489013671875,185.3211212158203]"
1435,Data/img_align_celeba/013153.jpg,True,0.1,"[50.41938781738281,67.20664978027344,131.07920837402344,178.90602111816406]"
1435,Data/img_align_celeba/014674.jpg,True,0.1,"[49.2041130065918,65.33155059814453,127.0909652709961,176.7125701904297]"
1435,Data/img_align_celeba/022715.jpg,True,0.1,"[53.60598373413086,61.9329948425293,134.13702392578125,178.38658142089844]"
1489,Data/img_align_celeba/043176.jpg,True,0.1,"[41.1860237121582,66.02259826660156,133.09466552734375,183.68479919433594]"
1489,Data/img_align_celeba/044093.jpg,True,0.1,"[47.119056701660156,65.82256317138672,133.7299041748047,186.69129943847656]"
1489,Data/img_align_celeba/054516.jpg,True,0.1,"[55.43973159790039,70.21366119384766,132.34706115722656,176.36753845214844]"
1490,Data/img_align_celeba/015807.jpg,True,0.1,"[35.44923782348633,62.6847038269043,123.59760284423828,184.17425537109375]"
1490,Data/img_align_celeba/016954.jpg,True,0.1,"[39.324005126953125,65.34393310546875,130.27276611328125,185.54701232910156]"
1490,Data/img_align_celeba/030028.jpg,True,0.1,"[46.03201675415039,66.52368927001953,130.12303161621094,178.68289184570312]"
1507,Data/img_align_celeba/029462.jpg,True,0.1,"[46.33790969848633,58.15693283081055,144.81753540039062,190.5013885498047]"
1507,Data/img_align_celeba/031105.jpg,True,0.1,"[35.56810760498047,55.67194747924805,136.6623992919922,192.03564453125]"
1507,Data/img_align_celeba/032518.jpg,True,0.1,"[29.50677490234375,58.02947235107422,128.11158752441406,186.67446899414062]"
1513,Data/img_align_celeba/031549.jpg,True,0.1,"[52.91394805908203,59.46682357788086,139.01455688476562,184.01666259765625]"
1513,Data/img_align_celeba/032132.jpg,True,0.1,"[48.232887268066406,63.91252517700195,131.2698516845703,170.697265625]"
1513,Data/img_align_celeba/034384.jpg,True,0.1,"[46.53764724731445,58.83037185668945,132.68600463867188,183.4605712890625]"
1616,Data/img_align_celeba/066937.jpg,True,0.1,"[26.625019073486328,68.82112121582031,116.84056854248047,180.96429443359375]"
1616,Data/img_align_celeba/080573.jpg,True,0.1,"[46.958473205566406,64.49585723876953,133.67034912109375,181.91372680664062]"
1616,Data/img_align_celeba/081698.jpg,True,0.1,"[66.73438262939453,51.251426696777344,157.0001983642578,187.24957275390625]"
1628,Data/img_align_celeba/036573.jpg,True,0.1,"[54.302005767822266,64.17060089111328,134.41156005859375,182.95626831054688]"
1628,Data/img_align_celeba/040455.jpg,True,0.1,"[54.11208724975586,60.19635772705078,136.31153869628906,184.7818145751953]"
1628,Data/img_align_celeba/047778.jpg,True,0.1,"[42.56066131591797,57.63587951660156,132.87762451171875,183.87808227539062]"
1629,Data/img_align_celeba/038514.jpg,True,0.1,"[57.260841369628906,54.46406936645508,146.33277893066406,191.87754821777344]"
1629,Data/img_align_celeba/044076.jpg,True,0.1,"[47.2027587890625,61.74130630493164,122.84248352050781,176.84185791015625]"
1629,Data/img_align_celeba/050071.jpg,True,0.1,"[52.35502243041992,65.3939437866211,134.0759735107422,176.1057586669922]"
1630,Data/img_align_celeba/033919.jpg,True,0.1,"[45.76277160644531,61.0636100769043,130.03761291503906,183.17227172851562]"
1630,Data/img_align_celeba/035660.jpg,True,0.1,"[44.285606384277344,56.253578186035156,137.4531707763672,191.94940185546875]"
1630,Data/img_align_celeba/037685.jpg,True,0.1,"[38.57038497924805,54.51158905029297,134.45509338378906,192.92227172851562]"
1727,Data/img_align_celeba/031438.jpg,True,0.1,"[-26.5071964263916,69.76380920410156,75.32735443115234,196.23297119140625]"
1727,Data/img_align_celeba/040813.jpg,True,0.1,"[50.98426055908203,70.95256042480469,130.98609924316406,176.22512817382812]"
1727,Data/img_align_celeba/060785.jpg,True,0.1,"[52.26345443725586,65.5097427368164,127.21259307861328,179.57421875]"
1818,Data/img_align_celeba/052348.jpg,True,0.1,"[49.2778434753418,68.49434661865234,132.2106475830078,180.78912353515625]"
1818,Data/img_align_celeba/058105.jpg,True,0.1,"[47.94869613647461,64.04586029052734,134.32806396484375,180.13128662109375]"
1818,Data/img_align_celeba/058486.jpg,True,0.1,"[40.72039031982422,67.19264221191406,124.89958953857422,180.7809600830078]"
1819,Data/img_align_celeba/034119.jpg,True,0.1,"[51.74005126953125,63.50751495361328,141.2064666748047,182.9185791015625]"
1819,Data/img_align_celeba/034179.jpg,True,0.1,"[36.73049545288086,66.85118865966797,125.38838958740234,178.96055603027344]"
1819,Data/img_align_celeba/034386.jpg,True,0.1,"[45.315364837646484,61.10548400878906,141.80581665039062,188.13995361328125]"
1916,Data/img_align_celeba/015632.jpg,True,0.1,"[47.412269592285156,67.3402328491211,132.41062927246094,186.8927764892578]"
1916,Data/img_align_celeba/022513.jpg,True,0.1,"[39.85141372680664,61.1673583984375,128.83758544921875,184.16294860839844]"
1916,Data/img_align_celeba/022872.jpg,True,0.1,"[42.906002044677734,62.2796516418457,130.90484619140625,186.47763061523438]"
2235,Data/img_align_celeba/002952.jpg,True,0.1,"[52.71543502807617,58.15287780761719,140.19244384765625,180.77618408203125]"
2235,Data/img_align_celeba/004256.jpg,True,0.1,"[41.23363494873047,56.074527740478516,132.74925231933594,183.53524780273438]"
2235,Data/img_align_celeba/004520.jpg,True,0.1,"[47.38266372680664,62.45307540893555,131.70526123046875,180.24627685546875]"
2446,Data/img_align_celeba/013817.jpg,True,0.1,"[36.518497467041016,69.06351470947266,128.2448272705078,184.73768615722656]"
2446,Data/img_align_celeba/020559.jpg,True,0.1,"[40.24808120727539,67.92784881591797,122.71013641357422,176.84271240234375]"
2446,Data/img_align_celeba/030426.jpg,True,0.1,"[44.39928436279297,65.65328216552734,130.09878540039062,177.02462768554688]"
2628,Data/img_align_celeba/045426.jpg,True,0.1,"[48.15547561645508,63.60993194580078,130.00735473632812,168.91592407226562]"
2628,Data/img_align_celeba/052099.jpg,True,0.1,"[48.07282257080078,63.77281951904297,134.56790161132812,179.6027374267578]"
2628,Data/img_align_celeba/054061.jpg,True,0.1,"[35.32216262817383,63.991722106933594,119.94757080078125,174.59303283691406]"
2877,Data/img_align_celeba/031347.jpg,True,0.1,"[39.04953384399414,65.4552993774414,122.42635345458984,175.5209197998047]"
2877,Data/img_align_celeba/035596.jpg,True,0.1,"[46.75007629394531,74.77377319335938,128.27215576171875,176.28176879882812]"
2877,Data/img_align_celeba/039433.jpg,True,0.1,"[52.75408935546875,59.37244415283203,155.24057006835938,188.50970458984375]"
2882,Data/img_align_celeba/043256.jpg,True,0.1,"[41.79105758666992,65.05532836914062,119.69910430908203,178.67417907714844]"
2882,Data/img_align_celeba/043291.jpg,True,0.1,"[47.11880874633789,59.48054885864258,130.87811279296875,179.8829803466797]"
2882,Data/img_align_celeba/066648.jpg,True,0.1,"[57.8149299621582,61.9597282409668,137.52801513671875,180.390625]"
2909,Data/img_align_celeba/016839.jpg,True,0.1,"[48.37067413330078,65.96360778808594,133.561279296875,188.75088500976562]"
2909,Data/img_align_celeba/020789.jpg,True,0.1,"[48.09736633300781,70.61090087890625,126.78898620605469,179.37159729003906]"
2909,Data/img_align_celeba/022240.jpg,True,0.1,"[56.5081672668457,69.14978790283203,138.5849151611328,180.01173400878906]"
2930,Data/img_align_celeba/017260.jpg,True,0.1,"[46.168087005615234,68.71998596191406,125.81266021728516,178.5546112060547]"
2930,Data/img_align_celeba/019031.jpg,True,0.1,"[47.446022033691406,68.48519134521484,129.14266967773438,179.4246368408203]"
2930,Data/img_align_celeba/025865.jpg,True,0.1,"[37.84951400756836,67.25336456298828,120.88275146484375,179.60694885253906]"
2953,Data/img_align_celeba/025515.jpg,True,0.1,"[43.09867477416992,66.51641845703125,120.44482421875,184.78750610351562]"
2953,Data/img_align_celeba/029261.jpg,True,0.1,"[49.59183120727539,72.02454376220703,137.8430938720703,187.38818359375]"
2953,Data/img_align_celeba/036022.jpg,True,0.1,"[34.18983840942383,62.174869537353516,127.79368591308594,182.818603515625]"
2962,Data/img_align_celeba/053114.jpg,True,0.1,"[48.09931945800781,66.61329650878906,124.09522247314453,173.0309295654297]"
2962,Data/img_align_celeba/059722.jpg,True,0.1,"[48.36773681640625,66.63220977783203,125.49337005615234,176.86302185058594]"
2962,Data/img_align_celeba/060015.jpg,True,0.1,"[49.839420318603516,67.08659362792969,128.5257568359375,179.7627716064453]"
3014,Data/img_align_celeba/020073.jpg,True,0.1,"[44.104793548583984,58.184547424316406,140.15611267089844,184.9300994873047]"
3014,Data/img_align_celeba/024208.jpg,True,0.1,"[36.913909912109375,57.21103286743164,134.72109985351562,188.14866638183594]"
3014,Data/img_align_celeba/029019.jpg,True,0.1,"[40.36172866821289,55.14356231689453,134.4784698486328,186.6309051513672]"
3077,Data/img_align_celeba/032381.jpg,True,0.1,"[58.42890167236328,60.6558952331543,144.77552795410156,186.6448516845703]"
3077,Data/img_align_celeba/041928.jpg,True,0.1,"[57.11894607543945,56.515533447265625,150.72645568847656,183.7135467529297]"
3077,Data/img_align_celeba/063846.jpg,True,0.1,"[46.654415130615234,65.12938690185547,129.68719482421875,176.59329223632812]"
3078,Data/img_align_celeba/012138.jpg,True,0.1,"[47.41413116455078,59.667545318603516,134.99090576171875,186.72769165039062]"
3078,Data/img_align_celeba/013308.jpg,True,0.1,"[42.18134689331055,57.816497802734375,132.4892578125,185.3284454345703]"
3078,Data/img_align_celeba/015489.jpg,True,0.1,"[46.96565628051758,61.62767791748047,133.59872436523438,185.6168670654297]"
3118,Data/img_align_celeba/022339.jpg,True,0.1,"[51.52896499633789,65.05630493164062,138.91714477539062,181.74349975585938]"
3118,Data/img_align_celeba/024408.jpg,True,0.1,"[45.1130256652832,62.55329513549805,131.6589813232422,180.8657684326172]"
3118,Data/img_align_celeba/029701.jpg,True,0.1,"[39.08819580078125,62.37117004394531,125.91114807128906,186.30064392089844]"
3239,Data/img_align_celeba/014532.jpg,True,0.1,"[49.4323616027832,66.2518081665039,135.3670654296875,183.4423828125]"
3239,Data/img_align_celeba/020648.jpg,True,0.1,"[43.72129440307617,62.66309356689453,133.00588989257812,188.31619262695312]"
3239,Data/img_align_celeba/025733.jpg,True,0.1,"[50.34193420410156,64.2247543334961,130.953125,193.78697204589844]"
3383,Data/img_align_celeba/039131.jpg,True,0.1,"[53.01464080810547,58.814781188964844,133.51116943359375,182.53466796875]"
3383,Data/img_align_celeba/041553.jpg,True,0.1,"[45.847923278808594,63.11320495605469,126.91969299316406,185.4438934326172]"
3383,Data/img_align_celeba/048664.jpg,True,0.1,"[51.1578254699707,68.3038330078125,130.34107971191406,186.80978393554688]"
3429,Data/img_align_celeba/011236.jpg,True,0.1,"[46.2880973815918,65.65127563476562,131.85150146484375,176.07369995117188]"
3429,Data/img_align_celeba/021487.jpg,True,0.1,"[57.115478515625,63.627784729003906,144.74903869628906,177.77435302734375]"
3429,Data/img_align_celeba/026644.jpg,True,0.1,"[51.71025466918945,65.99431610107422,137.35304260253906,181.3433380126953]"
3465,Data/img_align_celeba/022661.jpg,True,0.1,"[54.60174560546875,64.65568542480469,132.2270965576172,179.56207275390625]"
3465,Data/img_align_celeba/024191.jpg,True,0.1,"[53.02536392211914,61.455078125,134.29495239257812,180.04835510253906]"
3465,Data/img_align_celeba/035685.jpg,True,0.1,"[45.710205078125,59.3678092956543,139.12013244628906,186.11904907226562]"
3467,Data/img_align_celeba/011299.jpg,True,0.1,"[51.054351806640625,56.56184387207031,134.33314514160156,184.4672393798828]"
3467,Data/img_align_celeba/023897.jpg,True,0.1,"[55.19021224975586,62.10298538208008,124.84918975830078,177.8277130126953]"
3467,Data/img_align_celeba/038923.jpg,True,0.1,"[48.28987121582031,61.22108459472656,134.63587951660156,178.38758850097656]"
3509,Data/img_align_celeba/045544.jpg,True,0.1,"[48.641273498535156,57.75621795654297,137.39942932128906,183.63546752929688]"
3509,Data/img_align_celeba/053926.jpg,True,0.1,"[31.369630813598633,62.945281982421875,120.83404541015625,184.93142700195312]"
3509,Data/img_align_celeba/059804.jpg,True,0.1,"[35.454185485839844,61.06893539428711,128.55735778808594,184.89511108398438]"
3562,Data/img_align_celeba/016376.jpg,True,0.1,"[43.297908782958984,68.4769058227539,130.3861541748047,182.7327423095703]"
3562,Data/img_align_celeba/018028.jpg,True,0.1,"[48.735923767089844,68.57460021972656,130.77484130859375,184.17483520507812]"
3562,Data/img_align_celeba/026206.jpg,True,0.1,"[44.325355529785156,65.50279998779297,129.5904998779297,183.3059539794922]"
3684,Data/img_align_celeba/050629.jpg,True,0.1,"[42.808197021484375,55.80013656616211,134.36358642578125,166.92588806152344]"
3684,Data/img_align_celeba/055053.jpg,True,0.1,"[49.01065444946289,69.09229278564453,135.07891845703125,179.82662963867188]"
3684,Data/img_align_celeba/061612.jpg,True,0.1,"[53.368202209472656,72.85450744628906,135.4398956298828,178.2864227294922]"
3693,Data/img_align_celeba/005957.jpg,True,0.1,"[47.94830322265625,64.0945816040039,138.3488006591797,184.44261169433594]"
3693,Data/img_align_celeba/044409.jpg,True,0.1,"[55.20956802368164,60.81593322753906,149.1002960205078,187.85830688476562]"
3693,Data/img_align_celeba/052457.jpg,True,0.1,"[48.45984649658203,67.5738754272461,139.46551513671875,187.35452270507812]"
3848,Data/img_align_celeba/015485.jpg,True,0.1,"[47.42312240600586,63.51755905151367,138.33816528320312,183.4432373046875]"
3848,Data/img_align_celeba/023769.jpg,True,0.1,"[51.27740478515625,64.6394271850586,125.64044952392578,180.26824951171875]"
3848,Data/img_align_celeba/027171.jpg,True,0.1,"[39.94378662109375,68.7862777709961,123.59226989746094,176.85609436035156]"
3882,Data/img_align_celeba/023456.jpg,True,0.1,"[45.68605422973633,64.07758331298828,127.07881164550781,176.88356018066406]"
3882,Data/img_align_celeba/024284.jpg,True,0.1,"[52.31744384765625,65.10594177246094,128.44256591796875,174.00213623046875]"
3882,Data/img_align_celeba/028021.jpg,True,0.1,"[52.96880340576172,66.27182006835938,142.63494873046875,182.8917999267578]"
3918,Data/img_align_celeba/047623.jpg,True,0.1,"[44.778995513916016,66.1890640258789,130.85012817382812,178.88156127929688]"
3918,Data/img_align_celeba/066152.jpg,True,0.1,"[54.915042877197266,59.3577995300293,144.7942352294922,188.284912109375]"
3918,Data/img_align_celeba/071525.jpg,True,0.1,"[49.43190383911133,66.6346435546875,132.6764373779297,174.851806640625]"
3920,Data/img_align_celeba/007199.jpg,True,0.1,"[49.8554801940918,62.72248458862305,131.69204711914062,179.8531951904297]"
3920,Data/img_align_celeba/014876.jpg,True,0.1,"[55.330970764160156,63.61454772949219,138.00933837890625,175.50120544433594]"
3920,Data/img_align_celeba/015767.jpg,True,0.1,"[47.985992431640625,66.33102416992188,138.85116577148438,187.31053161621094]"
3972,Data/img_align_celeba/048574.jpg,True,0.1,"[44.05331802368164,65.86190795898438,134.45449829101562,179.12432861328125]"
3972,Data/img_align_celeba/063132.jpg,True,0.1,"[39.914939880371094,58.95185852050781,134.80421447753906,185.43023681640625]"
3972,Data/img_align_celeba/066777.jpg,True,0.1,"[0.28625887632369995,-58.90101623535156,88.49308013916016,66.87488555908203]"
4011,Data/img_align_celeba/022158.jpg,True,0.1,"[23.158781051635742,57.18510055541992,109.51638793945312,193.4486846923828]"
4011,Data/img_align_celeba/045988.jpg,True,0.1,"[49.785621643066406,68.24555206298828,129.39797973632812,193.54568481445312]"
4011,Data/img_align_celeba/057644.jpg,True,0.1,"[51.25033950805664,70.36547088623047,126.4029541015625,185.6316375732422]"
4015,Data/img_align_celeba/032501.jpg,True,0.1,"[30.86197280883789,54.89442825317383,128.8231658935547,193.9837188720703]"
4015,Data/img_align_celeba/050774.jpg,True,0.1,"[41.50984573364258,54.74421691894531,133.79087829589844,182.94290161132812]"
4015,Data/img_align_celeba/056787.jpg,True,0.1,"[39.67412185668945,57.0964241027832,137.409423828125,189.2547149658203]"
4016,Data/img_align_celeba/045159.jpg,True,0.1,"[43.090335845947266,62.917781829833984,128.17564392089844,181.73171997070312]"
4016,Data/img_align_celeba/049127.jpg,True,0.1,"[41.113258361816406,61.92729568481445,135.22274780273438,181.79844665527344]"
4016,Data/img_align_celeba/066819.jpg,True,0.1,"[47.48995590209961,53.173274993896484,144.7204132080078,194.3098907470703]"
4040,Data/img_align_celeba/046128.jpg,True,0.1,"[51.87931442260742,56.57719802856445,142.6953125,181.11927795410156]"
4040,Data/img_align_celeba/058657.jpg,True,0.1,"[60.03071212768555,62.401512145996094,148.7435302734375,183.79513549804688]"
4040,Data/img_align_celeba/062013.jpg,True,0.1,"[28.794185638427734,61.01715087890625,117.3451156616211,179.81463623046875]"
4056,Data/img_align_celeba/019552.jpg,True,0.1,"[49.798057556152344,69.37378692626953,131.83082580566406,178.45057678222656]"
4056,Data/img_align_celeba/039194.jpg,True,0.1,"[52.172054290771484,69.8536376953125,133.8267364501953,178.4589080810547]"
4056,Data/img_align_celeba/058044.jpg,True,0.1,"[54.10390853881836,70.17227172851562,136.39149475097656,178.11880493164062]"
4095,Data/img_align_celeba/070134.jpg,True,0.1,"[48.260398864746094,61.13261413574219,130.19378662109375,185.76336669921875]"
4095,Data/img_align_celeba/078057.jpg,True,0.1,"[49.091407775878906,65.62364196777344,133.1245574951172,183.45057678222656]"
4095,Data/img_align_celeba/093266.jpg,True,0.1,"[50.1056022644043,52.4213752746582,139.4751434326172,188.47772216796875]"
4112,Data/img_align_celeba/034984.jpg,True,0.1,"[30.374061584472656,53.38063430786133,119.47518920898438,186.03866577148438]"
4112,Data/img_align_celeba/035610.jpg,True,0.1,"[51.47675704956055,59.11248016357422,142.59532165527344,193.01974487304688]"
4112,Data/img_align_celeba/037970.jpg,True,0.1,"[55.68109130859375,63.58934783935547,140.7974853515625,192.4381103515625]"
4237,Data/img_align_celeba/026511.jpg,True,0.1,"[48.02888870239258,62.29758071899414,129.06211853027344,182.5482177734375]"
4237,Data/img_align_celeba/030888.jpg,True,0.1,"[43.39046096801758,60.49955368041992,125.30976104736328,183.26519775390625]"
4237,Data/img_align_celeba/055469.jpg,True,0.1,"[52.5133171081543,62.09283447265625,134.48049926757812,183.80621337890625]"
4262,Data/img_align_celeba/014166.jpg,True,0.1,"[52.279212951660156,69.66292572021484,125.58525848388672,173.80946350097656]"
4262,Data/img_align_celeba/018888.jpg,True,0.1,"[48.84681701660156,74.837158203125,126.07228088378906,173.16229248046875]"
4262,Data/img_align_celeba/021878.jpg,True,0.1,"[40.552791595458984,63.55167007446289,123.07354736328125,177.80650329589844]"
4343,Data/img_align_celeba/027935.jpg,True,0.1,"[50.746803283691406,59.1296272277832,136.0366668701172,192.0136260986328]"
4343,Data/img_align_celeba/033142.jpg,True,0.1,"[47.86000442504883,61.288211822509766,132.6778564453125,188.8885955810547]"
4343,Data/img_align_celeba/035928.jpg,True,0.1,"[40.914798736572266,65.91421508789062,125.81170654296875,184.60916137695312]"
4367,Data/img_align_celeba/014316.jpg,True,0.1,"[47.490482330322266,53.197208404541016,139.9409942626953,185.55613708496094]"
4367,Data/img_align_celeba/023353.jpg,True,0.1,"[44.33031463623047,53.65534591674805,137.29391479492188,188.0093231201172]"
4367,Data/img_align_celeba/026008.jpg,True,0.1,"[52.67805480957031,56.555973052978516,140.22628784179688,181.29843139648438]"
4416,Data/img_align_celeba/021161.jpg,True,0.1,"[46.179161071777344,68.68539428710938,131.35830688476562,186.8369140625]"
4416,Data/img_align_celeba/023310.jpg,True,0.1,"[50.3804931640625,69.08592224121094,132.44419860839844,182.07608032226562]"
4416,Data/img_align_celeba/023864.jpg,True,0.1,"[48.92699432373047,68.16034698486328,135.20652770996094,184.0463409423828]"
4426,Data/img_align_celeba/032099.jpg,True,0.1,"[51.350311279296875,63.41925048828125,135.83265686035156,178.4458770751953]"
4426,Data/img_align_celeba/041693.jpg,True,0.1,"[49.22592544555664,62.530487060546875,138.47662353515625,183.3947296142578]"
4426,Data/img_align_celeba/058517.jpg,True,0.1,"[44.32109451293945,61.51374435424805,134.40878295898438,183.18450927734375]"
4427,Data/img_align_celeba/009791.jpg,True,0.1,"[49.193416595458984,63.57978057861328,137.34068298339844,181.54042053222656]"
4427,Data/img_align_celeba/020412.jpg,True,0.1,"[48.41848373413086,61.76165008544922,139.94979858398438,183.21458435058594]"
4427,Data/img_align_celeba/028615.jpg,True,0.1,"[52.644744873046875,64.3670883178711,142.1985626220703,178.7633056640625]"
4430,Data/img_align_celeba/014788.jpg,True,0.1,"[52.962894439697266,64.06755828857422,131.84019470214844,180.76560974121094]"
4430,Data/img_align_celeba/018624.jpg,True,0.1,"[39.76267623901367,59.84978485107422,123.47765350341797,179.9590301513672]"
4430,Data/img_align_celeba/024448.jpg,True,0.1,"[44.55001449584961,61.886878967285156,121.71415710449219,175.4047088623047]"
4431,Data/img_align_celeba/017433.jpg,True,0.1,"[55.84217071533203,58.78300094604492,136.541015625,184.11546325683594]"
4431,Data/img_align_celeba/019524.jpg,True,0.1,"[51.31740951538086,59.13581466674805,131.9073486328125,186.3733673095703]"
4431,Data/img_align_celeba/028684.jpg,True,0.1,"[46.07263946533203,60.1569709777832,129.9969482421875,175.18301391601562]"
4534,Data/img_align_celeba/032341.jpg,True,0.1,"[51.155818939208984,76.03719329833984,122.40362548828125,183.7461700439453]"
4534,Data/img_align_celeba/035763.jpg,True,0.1,"[34.9735221862793,70.71841430664062,123.11206817626953,186.16970825195312]"
4534,Data/img_align_celeba/036971.jpg,True,0.1,"[50.62502670288086,71.60204315185547,124.77731323242188,178.74742126464844]"
4569,Data/img_align_celeba/061379.jpg,True,0.1,"[55.690555572509766,67.10952758789062,137.8401336669922,176.97634887695312]"
4569,Data/img_align_celeba/062294.jpg,True,0.1,"[35.32598114013672,61.426719665527344,131.966796875,186.75401306152344]"
4569,Data/img_align_celeba/065052.jpg,True,0.1,"[47.13488006591797,68.97671508789062,136.04153442382812,179.30918884277344]"
4600,Data/img_align_celeba/023055.jpg,True,0.1,"[52.67118835449219,68.6141586303711,141.32266235351562,184.85015869140625]"
4600,Data/img_align_celeba/023691.jpg,True,0.1,"[47.849361419677734,67.12763977050781,141.30581665039062,189.1602020263672]"
4600,Data/img_align_celeba/025315.jpg,True,0.1,"[29.681381225585938,65.90428161621094,125.39400482177734,189.1297607421875]"
4631,Data/img_align_celeba/029405.jpg,True,0.1,"[31.83144760131836,57.3432502746582,121.60330963134766,180.10281372070312]"
4631,Data/img_align_celeba/052137.jpg,True,0.1,"[40.561546325683594,56.37470245361328,131.59092712402344,181.81036376953125]"
4631,Data/img_align_celeba/055987.jpg,True,0.1,"[36.71193313598633,52.214393615722656,134.83358764648438,188.8340606689453]"
4873,Data/img_align_celeba/009226.jpg,True,0.1,"[40.78705978393555,58.35007095336914,134.99807739257812,186.939697265625]"
4873,Data/img_align_celeba/010272.jpg,True,0.1,"[50.491737365722656,61.3662223815918,139.59173583984375,180.46322631835938]"
4873,Data/img_align_celeba/010459.jpg,True,0.1,"[40.922760009765625,58.83573532104492,129.28854370117188,178.61924743652344]"
4887,Data/img_align_celeba/003646.jpg,True,0.1,"[45.49791717529297,68.82453155517578,130.23129272460938,188.5650177001953]"
4887,Data/img_align_celeba/009795.jpg,True,0.1,"[38.871246337890625,67.05609130859375,131.05545043945312,195.78370666503906]"
4887,Data/img_align_celeba/018583.jpg,True,0.1,"[37.324317932128906,60.08020782470703,126.67152404785156,192.47830200195312]"
4936,Data/img_align_celeba/042145.jpg,True,0.1,"[48.126338958740234,64.05125427246094,126.35889434814453,176.95697021484375]"
4936,Data/img_align_celeba/046770.jpg,True,0.1,"[47.267826080322266,59.19361877441406,125.22459411621094,174.34283447265625]"
4936,Data/img_align_celeba/046887.jpg,True,0.1,"[48.45839309692383,67.57958221435547,127.47428131103516,175.98983764648438]"
5094,Data/img_align_celeba/020823.jpg,True,0.1,"[40.06510543823242,73.25067138671875,120.58243560791016,176.38809204101562]"
5094,Data/img_align_celeba/025481.jpg,True,0.1,"[49.197509765625,67.28823852539062,141.5076141357422,181.14285278320312]"
5094,Data/img_align_celeba/028821.jpg,True,0.1,"[51.12527847290039,70.6566390991211,134.06954956054688,174.74169921875]"
5095,Data/img_align_celeba/051659.jpg,True,0.1,"[48.87825393676758,71.00384521484375,133.95510864257812,176.08995056152344]"
5095,Data/img_align_celeba/051689.jpg,True,0.1,"[31.53669548034668,66.84955596923828,123.77023315429688,188.0033416748047]"
5095,Data/img_align_celeba/064209.jpg,True,0.1,"[43.61769104003906,70.7346420288086,125.48419952392578,188.79513549804688]"
5135,Data/img_align_celeba/015498.jpg,True,0.1,"[55.05304718017578,68.79685974121094,136.86647033691406,176.80641174316406]"
5135,Data/img_align_celeba/027236.jpg,True,0.1,"[54.15274429321289,65.70635223388672,126.84748840332031,176.46173095703125]"
5135,Data/img_align_celeba/035296.jpg,True,0.1,"[48.298553466796875,61.47032165527344,127.38082122802734,178.0426788330078]"
5147,Data/img_align_celeba/008871.jpg,True,0.1,"[29.89800453186035,62.138694763183594,121.48975372314453,184.54664611816406]"
5147,Data/img_align_celeba/011150.jpg,True,0.1,"[56.97874069213867,63.039241790771484,135.7122802734375,182.1151885986328]"
5147,Data/img_align_celeba/015650.jpg,True,0.1,"[53.81626510620117,63.57864761352539,133.9499053955078,177.9535675048828]"
5195,Data/img_align_celeba/023936.jpg,True,0.1,"[43.209014892578125,68.49769592285156,127.71673583984375,188.82717895507812]"
5195,Data/img_align_celeba/027133.jpg,True,0.1,"[48.30377197265625,61.29841995239258,128.567138671875,189.38461303710938]"
5195,Data/img_align_celeba/035100.jpg,True,0.1,"[49.62676239013672,64.85004425048828,130.50917053222656,189.2998504638672]"
5221,Data/img_align_celeba/033996.jpg,True,0.1,"[53.43911361694336,60.43069839477539,141.02049255371094,193.00233459472656]"
5221,Data/img_align_celeba/034293.jpg,True,0.1,"[41.08859634399414,60.0617561340332,135.15171813964844,184.6678009033203]"
5221,Data/img_align_celeba/035248.jpg,True,0.1,"[45.231117248535156,59.73417282104492,136.5644073486328,179.3979034423828]"
5240,Data/img_align_celeba/010208.jpg,True,0.1,"[39.57762145996094,61.65456008911133,126.99292755126953,184.8095245361328]"
5240,Data/img_align_celeba/024731.jpg,True,0.1,"[39.0813102722168,66.73308563232422,122.49618530273438,177.11245727539062]"
5240,Data/img_align_celeba/033531.jpg,True,0.1,"[42.129432678222656,71.47955322265625,120.12577819824219,175.9543914794922]"
5341,Data/img_align_celeba/028646.jpg,True,0.1,"[47.69174575805664,63.188297271728516,139.08676147460938,187.73385620117188]"
5341,Data/img_align_celeba/029870.jpg,True,0.1,"[36.59189224243164,61.5280876159668,127.41206359863281,185.153076171875]"
5341,Data/img_align_celeba/031080.jpg,True,0.1,"[51.44741439819336,69.90779113769531,137.63671875,182.97720336914062]"
5577,Data/img_align_celeba/029589.jpg,True,0.1,"[47.62428283691406,61.45137405395508,134.23434448242188,173.89028930664062]"
5577,Data/img_align_celeba/041140.jpg,True,0.1,"[41.31282424926758,63.75390625,133.34132385253906,181.72348022460938]"
5577,Data/img_align_celeba/057391.jpg,True,0.1,"[38.103248596191406,64.83781433105469,125.90166473388672,174.00169372558594]"
5595,Data/img_align_celeba/022577.jpg,True,0.1,"[49.44037628173828,60.803497314453125,127.8050537109375,177.64634704589844]"
5595,Data/img_align_celeba/026805.jpg,True,0.1,"[49.788516998291016,63.742523193359375,122.7134017944336,183.9156036376953]"
5595,Data/img_align_celeba/029120.jpg,True,0.1,"[46.46358871459961,56.31181716918945,128.97103881835938,181.3882598876953]"
5747,Data/img_align_celeba/021785.jpg,True,0.1,"[42.14397048950195,63.192195892333984,131.4838104248047,185.32228088378906]"
5747,Data/img_align_celeba/025110.jpg,True,0.1,"[38.88048553466797,68.69316101074219,122.63871002197266,176.31021118164062]"
5747,Data/img_align_celeba/025636.jpg,True,0.1,"[46.38933563232422,68.45813751220703,127.50328063964844,178.02627563476562]"
5860,Data/img_align_celeba/031115.jpg,True,0.1,"[52.355323791503906,67.25556182861328,131.60897827148438,182.3786163330078]"
5860,Data/img_align_celeba/031296.jpg,True,0.1,"[48.42600631713867,61.5700798034668,134.10166931152344,180.89622497558594]"
5860,Data/img_align_celeba/033759.jpg,True,0.1,"[42.58027648925781,65.60099792480469,127.81360626220703,181.14297485351562]"
5950,Data/img_align_celeba/015822.jpg,True,0.1,"[48.54723358154297,58.21809768676758,131.93775939941406,174.22116088867188]"
5950,Data/img_align_celeba/025095.jpg,True,0.1,"[43.32484436035156,60.81133270263672,135.34779357910156,187.18833923339844]"
5950,Data/img_align_celeba/038913.jpg,True,0.1,"[38.60627365112305,49.33995819091797,136.42103576660156,185.654052734375]"
5973,Data/img_align_celeba/024104.jpg,True,0.1,"[53.548274993896484,58.538352966308594,144.83775329589844,184.3492431640625]"
5973,Data/img_align_celeba/025586.jpg,True,0.1,"[53.5503044128418,64.18627166748047,135.31875610351562,181.9398193359375]"
5973,Data/img_align_celeba/033458.jpg,True,0.1,"[46.665863037109375,62.03398895263672,139.1944580078125,186.690673828125]"
5982,Data/img_align_celeba/016022.jpg,True,0.1,"[48.120723724365234,62.083709716796875,130.451904296875,183.28797912597656]"
5982,Data/img_align_celeba/018868.jpg,True,0.1,"[36.38227844238281,63.04193878173828,124.55775451660156,186.3380126953125]"
5982,Data/img_align_celeba/019127.jpg,True,0.1,"[36.87259292602539,63.49192810058594,116.74788665771484,178.7830047607422]"
6046,Data/img_align_celeba/018801.jpg,True,0.1,"[59.57968521118164,71.78706359863281,139.05039978027344,178.23831176757812]"
6046,Data/img_align_celeba/019992.jpg,True,0.1,"[39.23765563964844,69.69127655029297,122.8502426147461,180.4468231201172]"
6046,Data/img_align_celeba/031291.jpg,True,0.1,"[54.64495849609375,68.98146057128906,140.1148681640625,182.9976806640625]"
6119,Data/img_align_celeba/021243.jpg,True,0.1,"[49.2266960144043,69.27537536621094,129.5916748046875,176.89735412597656]"
6119,Data/img_align_celeba/028889.jpg,True,0.1,"[50.0806884765625,71.76874542236328,122.0704116821289,182.2796173095703]"
6119,Data/img_align_celeba/033419.jpg,True,0.1,"[45.26175308227539,63.619407653808594,132.89083862304688,184.55105590820312]"
6217,Data/img_align_celeba/061129.jpg,True,0.1,"[44.699981689453125,64.88561248779297,136.60275268554688,192.50479125976562]"
6217,Data/img_align_celeba/061784.jpg,True,0.1,"[49.783714294433594,52.34089279174805,146.64674377441406,186.42886352539062]"
6217,Data/img_align_celeba/062023.jpg,True,0.1,"[34.66230392456055,55.19135284423828,126.86199188232422,188.1982421875]"
6256,Data/img_align_celeba/022858.jpg,True,0.1,"[48.86454391479492,67.05059814453125,130.7676544189453,177.09230041503906]"
6256,Data/img_align_celeba/029280.jpg,True,0.1,"[55.296016693115234,57.58293914794922,149.75440979003906,189.4267120361328]"
6256,Data/img_align_celeba/030701.jpg,True,0.1,"[47.10699462890625,81.94669342041016,126.63470458984375,180.60362243652344]"
6354,Data/img_align_celeba/007130.jpg,True,0.1,"[57.42697525024414,64.86074829101562,147.2798309326172,176.9287872314453]"
6354,Data/img_align_celeba/013592.jpg,True,0.1,"[38.9223747253418,69.85063934326172,119.89501190185547,175.77481079101562]"
6354,Data/img_align_celeba/024124.jpg,True,0.1,"[55.0379753112793,62.9702033996582,134.2851104736328,181.13259887695312]"
6444,Data/img_align_celeba/024196.jpg,True,0.1,"[31.8394775390625,62.28213882446289,122.46665954589844,185.32955932617188]"
6444,Data/img_align_celeba/033975.jpg,True,0.1,"[29.911304473876953,58.8699951171875,120.41487884521484,190.23728942871094]"
6444,Data/img_align_celeba/040764.jpg,True,0.1,"[47.95091247558594,86.4833755493164,116.6898422241211,191.82505798339844]"
6481,Data/img_align_celeba/021982.jpg,True,0.1,"[67.07764434814453,49.41730880737305,158.37322998046875,197.74472045898438]"
6481,Data/img_align_celeba/026362.jpg,True,0.1,"[48.6987190246582,70.15247344970703,130.6500701904297,188.01214599609375]"
6481,Data/img_align_celeba/045686.jpg,True,0.1,"[53.26177978515625,67.75406646728516,136.74069213867188,180.67059326171875]"
6564,Data/img_align_celeba/045985.jpg,True,0.1,"[53.57330322265625,62.74675369262695,144.50416564941406,186.7334747314453]"
6564,Data/img_align_celeba/048938.jpg,True,0.1,"[48.713069915771484,64.66947937011719,128.95880126953125,186.70339965820312]"
6564,Data/img_align_celeba/054608.jpg,True,0.1,"[58.64397048950195,68.17916107177734,139.3580322265625,184.31625366210938]"
6691,Data/img_align_celeba/020596.jpg,True,0.1,"[52.22119140625,69.07142639160156,131.89675903320312,174.97360229492188]"
6691,Data/img_align_celeba/027624.jpg,True,0.1,"[46.51315689086914,68.69359588623047,126.27760314941406,177.41876220703125]"
6691,Data/img_align_celeba/032674.jpg,True,0.1,"[27.769990921020508,64.48799896240234,115.8509521484375,181.704345703125]"
6836,Data/img_align_celeba/009702.jpg,True,0.1,"[45.68146514892578,63.56326675415039,128.0688018798828,176.1064910888672]"
6836,Data/img_align_celeba/010380.jpg,True,0.1,"[46.439178466796875,61.49778747558594,128.8874969482422,177.20144653320312]"
6836,Data/img_align_celeba/010521.jpg,True,0.1,"[46.05952453613281,60.377174377441406,127.0354232788086,179.1214599609375]"
6925,Data/img_align_celeba/019105.jpg,True,0.1,"[51.29399871826172,61.5843505859375,132.8916015625,183.29092407226562]"
6925,Data/img_align_celeba/028291.jpg,True,0.1,"[46.45439910888672,65.02306365966797,132.59686279296875,182.80252075195312]"
6925,Data/img_align_celeba/035906.jpg,True,0.1,"[45.95468521118164,65.67306518554688,115.08272552490234,171.90655517578125]"
6951,Data/img_align_celeba/014411.jpg,True,0.1,"[39.87724685668945,55.94411849975586,132.4362030029297,196.21766662597656]"
6951,Data/img_align_celeba/019221.jpg,True,0.1,"[42.58435821533203,61.189395904541016,135.9321746826172,185.48329162597656]"
6951,Data/img_align_celeba/021223.jpg,True,0.1,"[61.21432876586914,47.84288024902344,162.2525177001953,193.94927978515625]"
6971,Data/img_align_celeba/013948.jpg,True,0.1,"[43.76652526855469,59.448631286621094,129.59649658203125,180.61917114257812]"
6971,Data/img_align_celeba/018091.jpg,True,0.1,"[47.718345642089844,68.97052001953125,133.28781127929688,175.6028594970703]"
6971,Data/img_align_celeba/020201.jpg,True,0.1,"[52.39991760253906,68.15947723388672,138.23707580566406,177.90711975097656]"
6977,Data/img_align_celeba/010634.jpg,True,0.1,"[43.53016662597656,57.05448532104492,137.43724060058594,192.8032989501953]"
6977,Data/img_align_celeba/013206.jpg,True,0.1,"[27.682876586914062,66.826416015625,120.7470703125,185.36460876464844]"
6977,Data/img_align_celeba/025898.jpg,True,0.1,"[43.29571533203125,61.97164535522461,127.56855010986328,185.44027709960938]"
7011,Data/img_align_celeba/044255.jpg,True,0.1,"[44.22180938720703,59.02766418457031,137.8362579345703,185.75485229492188]"
7011,Data/img_align_celeba/044532.jpg,True,0.1,"[49.095848083496094,62.17879104614258,135.92970275878906,175.32603454589844]"
7011,Data/img_align_celeba/057708.jpg,True,0.1,"[54.704498291015625,55.73634719848633,145.7929229736328,188.3737335205078]"
7110,Data/img_align_celeba/040586.jpg,True,0.1,"[51.61994934082031,64.73670959472656,136.4239044189453,180.2022247314453]"
7110,Data/img_align_celeba/056798.jpg,True,0.1,"[40.37310791015625,61.8673095703125,129.15843200683594,182.05291748046875]"
7110,Data/img_align_celeba/063621.jpg,True,0.1,"[43.84953689575195,60.83670425415039,132.6925506591797,181.04200744628906]"
7113,Data/img_align_celeba/017276.jpg,True,0.1,"[44.25040817260742,62.77727127075195,129.84274291992188,182.73553466796875]"
7113,Data/img_align_celeba/031219.jpg,True,0.1,"[45.510765075683594,64.1245346069336,129.2078857421875,182.74842834472656]"
7113,Data/img_align_celeba/041707.jpg,True,0.1,"[48.91385269165039,62.100860595703125,126.75281524658203,181.072021484375]"
7233,Data/img_align_celeba/010893.jpg,True,0.1,"[50.04591369628906,52.07535934448242,141.6676788330078,188.82679748535156]"
7233,Data/img_align_celeba/019452.jpg,True,0.1,"[44.56981658935547,57.5958137512207,128.3605194091797,180.3430938720703]"
7233,Data/img_align_celeba/037940.jpg,True,0.1,"[49.10441970825195,50.50907897949219,136.58836364746094,188.79177856445312]"
7237,Data/img_align_celeba/006782.jpg,True,0.1,"[50.000675201416016,68.74987030029297,131.82418823242188,178.18585205078125]"
7237,Data/img_align_celeba/012556.jpg,True,0.1,"[54.900299072265625,63.54100799560547,140.97012329101562,183.611328125]"
7237,Data/img_align_celeba/014695.jpg,True,0.1,"[40.95664978027344,69.71868896484375,116.78384399414062,178.37889099121094]"
7254,Data/img_align_celeba/009658.jpg,True,0.1,"[45.45539093017578,66.17681884765625,132.3821258544922,184.37648010253906]"
7254,Data/img_align_celeba/011077.jpg,True,0.1,"[30.878252029418945,66.70307922363281,125.16094207763672,191.07029724121094]"
7254,Data/img_align_celeba/019532.jpg,True,0.1,"[43.53873825073242,64.95545196533203,130.244140625,186.8807373046875]"
7261,Data/img_align_celeba/014542.jpg,True,0.1,"[50.692657470703125,64.5622329711914,138.20738220214844,185.40951538085938]"
7261,Data/img_align_celeba/014839.jpg,True,0.1,"[43.23469543457031,65.89109802246094,132.5063018798828,180.09909057617188]"
7261,Data/img_align_celeba/015010.jpg,True,0.1,"[59.749542236328125,65.14373779296875,148.0649871826172,183.08448791503906]"
7344,Data/img_align_celeba/023852.jpg,True,0.1,"[42.165489196777344,63.384918212890625,126.34086608886719,177.7399444580078]"
7344,Data/img_align_celeba/028688.jpg,True,0.1,"[51.02336120605469,61.99586486816406,139.1797332763672,186.781005859375]"
7344,Data/img_align_celeba/031498.jpg,True,0.1,"[45.24812316894531,60.75258255004883,134.9993438720703,182.00372314453125]"
7380,Data/img_align_celeba/028642.jpg,True,0.1,"[33.36655044555664,63.0262451171875,126.16746520996094,194.29043579101562]"
7380,Data/img_align_celeba/029194.jpg,True,0.1,"[57.117671966552734,71.2892837524414,136.1232452392578,178.5544891357422]"
7380,Data/img_align_celeba/033604.jpg,True,0.1,"[32.90515899658203,65.75912475585938,118.1314468383789,184.6213836669922]"
7449,Data/img_align_celeba/019569.jpg,True,0.1,"[56.71213912963867,64.35823059082031,138.82916259765625,174.28216552734375]"
7449,Data/img_align_celeba/028110.jpg,True,0.1,"[21.841829299926758,53.68914031982422,109.31316375732422,182.78201293945312]"
7449,Data/img_align_celeba/041699.jpg,True,0.1,"[50.490116119384766,51.9990119934082,147.84580993652344,194.83892822265625]"
7458,Data/img_align_celeba/013537.jpg,True,0.1,"[46.327430725097656,56.84070587158203,131.65740966796875,185.74427795410156]"
7458,Data/img_align_celeba/016488.jpg,True,0.1,"[52.32717514038086,58.57928466796875,133.91090393066406,183.32119750976562]"
7458,Data/img_align_celeba/023038.jpg,True,0.1,"[38.53815460205078,56.490352630615234,129.1151580810547,193.8444366455078]"
7460,Data/img_align_celeba/009031.jpg,True,0.1,"[47.68278121948242,65.1216812133789,133.12966918945312,190.0213623046875]"
7460,Data/img_align_celeba/012732.jpg,True,0.1,"[28.35327911376953,63.150142669677734,124.03438568115234,187.31784057617188]"
7460,Data/img_align_celeba/013711.jpg,True,0.1,"[52.28239440917969,72.70654296875,139.41690063476562,193.1088104248047]"
7624,Data/img_align_celeba/023009.jpg,True,0.1,"[49.91793441772461,62.67771911621094,131.07530212402344,176.30538940429688]"
7624,Data/img_align_celeba/032087.jpg,True,0.1,"[48.565189361572266,69.64537048339844,124.51571655273438,173.74867248535156]"
7624,Data/img_align_celeba/038015.jpg,True,0.1,"[23.960538864135742,56.99128723144531,121.4800033569336,183.10032653808594]"
7666,Data/img_align_celeba/017404.jpg,True,0.1,"[45.33335494995117,62.69319534301758,134.18170166015625,191.58709716796875]"
7666,Data/img_align_celeba/018322.jpg,True,0.1,"[32.359004974365234,68.95343780517578,124.11520385742188,189.80384826660156]"
7666,Data/img_align_celeba/022394.jpg,True,0.1,"[31.32480239868164,61.687538146972656,123.63396453857422,189.07550048828125]"
7770,Data/img_align_celeba/028535.jpg,True,0.1,"[54.73344039916992,68.2200927734375,131.8118896484375,175.2491455078125]"
7770,Data/img_align_celeba/036483.jpg,True,0.1,"[42.905338287353516,66.03199005126953,118.18034362792969,181.01307678222656]"
7770,Data/img_align_celeba/038295.jpg,True,0.1,"[64.50453186035156,66.72135925292969,149.8815155029297,178.48202514648438]"
7782,Data/img_align_celeba/031974.jpg,True,0.1,"[46.51963806152344,62.35165023803711,134.3372039794922,186.07003784179688]"
7782,Data/img_align_celeba/044849.jpg,True,0.1,"[41.89391326904297,64.07781982421875,124.11727142333984,182.82870483398438]"
7782,Data/img_align_celeba/051566.jpg,True,0.1,"[31.60509490966797,63.71937942504883,122.38153076171875,184.88404846191406]"
7850,Data/img_align_celeba/009728.jpg,True,0.1,"[54.43937683105469,68.44091033935547,126.97600555419922,172.78402709960938]"
7850,Data/img_align_celeba/016178.jpg,True,0.1,"[52.7047233581543,62.23554992675781,131.28782653808594,180.54501342773438]"
7850,Data/img_align_celeba/033942.jpg,True,0.1,"[55.815887451171875,74.63602447509766,132.31715393066406,186.8587646484375]"
7892,Data/img_align_celeba/004902.jpg,True,0.1,"[36.39091110229492,69.71263885498047,117.09532165527344,182.3795928955078]"
7892,Data/img_align_celeba/008752.jpg,True,0.1,"[50.83024597167969,79.40319061279297,127.58308410644531,176.6727752685547]"
7892,Data/img_align_celeba/011911.jpg,True,0.1,"[55.83430480957031,76.22003173828125,134.9141387939453,176.9234161376953]"
7917,Data/img_align_celeba/030976.jpg,True,0.1,"[45.764892578125,62.71589279174805,132.91995239257812,192.1207275390625]"
7917,Data/img_align_celeba/040288.jpg,True,0.1,"[49.41548156738281,61.6746940612793,140.6649932861328,191.9332275390625]"
7917,Data/img_align_celeba/043332.jpg,True,0.1,"[41.22272491455078,65.7515640258789,125.83048248291016,183.03717041015625]"
7926,Data/img_align_celeba/034895.jpg,True,0.1,"[49.267845153808594,58.409523010253906,146.5093994140625,192.4296875]"
7926,Data/img_align_celeba/038924.jpg,True,0.1,"[46.981624603271484,57.17649841308594,134.0221405029297,184.5651092529297]"
7926,Data/img_align_celeba/046009.jpg,True,0.1,"[46.36600875854492,61.826446533203125,134.73052978515625,186.08102416992188]"
8209,Data/img_align_celeba/015779.jpg,True,0.1,"[47.05706024169922,67.18476104736328,130.33676147460938,183.54066467285156]"
8209,Data/img_align_celeba/032449.jpg,True,0.1,"[48.58718490600586,69.38825988769531,129.2235565185547,176.272705078125]"
8209,Data/img_align_celeba/032524.jpg,True,0.1,"[53.55774688720703,68.39471435546875,139.1450958251953,180.49241638183594]"
8250,Data/img_align_celeba/011761.jpg,True,0.1,"[49.45018005371094,61.00819396972656,136.49551391601562,190.4286346435547]"
8250,Data/img_align_celeba/011907.jpg,True,0.1,"[40.82167434692383,55.190860748291016,132.09092712402344,191.82496643066406]"
8250,Data/img_align_celeba/017898.jpg,True,0.1,"[46.639854431152344,66.74242401123047,136.15773010253906,182.04476928710938]"
8254,Data/img_align_celeba/034270.jpg,True,0.1,"[45.38341522216797,64.85066986083984,131.97286987304688,182.6115264892578]"
8254,Data/img_align_celeba/048716.jpg,True,0.1,"[43.88616943359375,63.10883331298828,128.76177978515625,179.94558715820312]"
8254,Data/img_align_celeba/053477.jpg,True,0.1,"[49.76066207885742,57.66786575317383,136.88819885253906,185.44618225097656]"
8451,Data/img_align_celeba/056537.jpg,True,0.1,"[49.175865173339844,67.958251953125,134.83534240722656,186.07098388671875]"
8451,Data/img_align_celeba/060179.jpg,True,0.1,"[41.18583297729492,60.58097457885742,127.36445617675781,183.72654724121094]"
8451,Data/img_align_celeba/062983.jpg,True,0.1,"[58.91748046875,71.29537200927734,137.11032104492188,182.6142578125]"
8469,Data/img_align_celeba/005917.jpg,True,0.1,"[36.68167495727539,64.52552032470703,119.33509063720703,178.33639526367188]"
8469,Data/img_align_celeba/007014.jpg,True,0.1,"[52.573978424072266,69.41146087646484,138.08216857910156,178.5869598388672]"
8469,Data/img_align_celeba/007252.jpg,True,0.1,"[48.317649841308594,68.06924438476562,131.63693237304688,178.20188903808594]"
8514,Data/img_align_celeba/009985.jpg,True,0.1,"[49.68975830078125,57.88426971435547,130.1499786376953,187.2534942626953]"
8514,Data/img_align_celeba/017427.jpg,True,0.1,"[50.05643844604492,63.56594467163086,126.55233001708984,183.34593200683594]"
8514,Data/img_align_celeba/023259.jpg,True,0.1,"[46.523380279541016,72.36703491210938,124.05339813232422,178.2726593017578]"
8660,Data/img_align_celeba/042751.jpg,True,0.1,"[36.63998794555664,60.956912994384766,131.17819213867188,187.15672302246094]"
8660,Data/img_align_celeba/046029.jpg,True,0.1,"[44.14790344238281,63.88615417480469,125.878173828125,189.67906188964844]"
8660,Data/img_align_celeba/054054.jpg,True,0.1,"[59.678524017333984,63.58511734008789,146.6277313232422,178.24647521972656]"
8722,Data/img_align_celeba/008315.jpg,True,0.1,"[47.968528747558594,54.124759674072266,141.1033935546875,185.67848205566406]"
8722,Data/img_align_celeba/035619.jpg,True,0.1,"[43.886810302734375,53.65153503417969,131.51744079589844,196.15335083007812]"
8722,Data/img_align_celeba/037762.jpg,True,0.1,"[54.74283981323242,57.62388229370117,137.30459594726562,174.2237548828125]"
8916,Data/img_align_celeba/016409.jpg,True,0.1,"[38.93006134033203,67.1540298461914,118.27008056640625,177.0665740966797]"
8916,Data/img_align_celeba/024123.jpg,True,0.1,"[58.482967376708984,60.654415130615234,143.7694091796875,186.59310913085938]"
8916,Data/img_align_celeba/025935.jpg,True,0.1,"[38.79814147949219,69.03287506103516,116.94014739990234,177.6649169921875]"
9007,Data/img_align_celeba/016710.jpg,True,0.1,"[41.792091369628906,60.338077545166016,128.75442504882812,185.1956787109375]"
9007,Data/img_align_celeba/017734.jpg,True,0.1,"[54.1583251953125,65.92048645019531,138.07809448242188,179.90113830566406]"
9007,Data/img_align_celeba/025605.jpg,True,0.1,"[39.444480895996094,63.1685676574707,125.97723388671875,184.25335693359375]"
9175,Data/img_align_celeba/024380.jpg,True,0.1,"[48.6546745300293,66.3104476928711,136.4952850341797,177.66531372070312]"
9175,Data/img_align_celeba/046063.jpg,True,0.1,"[42.55142593383789,54.41322708129883,140.8126220703125,185.84243774414062]"
9175,Data/img_align_celeba/066103.jpg,True,0.1,"[55.25295639038086,72.14595794677734,137.34469604492188,176.0869903564453]"
9359,Data/img_align_celeba/023783.jpg,True,0.1,"[44.927791595458984,60.00474548339844,124.84297180175781,173.18785095214844]"
9359,Data/img_align_celeba/025054.jpg,True,0.1,"[60.2869987487793,87.62077331542969,140.30909729003906,182.8944549560547]"
9359,Data/img_align_celeba/026849.jpg,True,0.1,"[51.93308639526367,67.79303741455078,132.70826721191406,176.02195739746094]"
9532,Data/img_align_celeba/041742.jpg,True,0.1,"[36.207542419433594,52.39365768432617,123.13481140136719,184.14901733398438]"
9532,Data/img_align_celeba/043247.jpg,True,0.1,"[40.01021957397461,49.58047103881836,129.70684814453125,183.71957397460938]"
9532,Data/img_align_celeba/047485.jpg,True,0.1,"[44.36909866333008,57.45994567871094,128.48146057128906,181.14739990234375]"
9671,Data/img_align_celeba/046815.jpg,True,0.1,"[43.81976318359375,55.1291618347168,135.3236083984375,182.92054748535156]"
9671,Data/img_align_celeba/050824.jpg,True,0.1,"[44.55887985229492,60.03791809082031,130.90171813964844,183.77481079101562]"
9671,Data/img_align_celeba/057790.jpg,True,0.1,"[47.63460922241211,62.45518493652344,129.52879333496094,174.11602783203125]"
9706,Data/img_align_celeba/051932.jpg,True,0.1,"[44.27339172363281,68.96349334716797,131.0236053466797,183.40940856933594]"
9706,Data/img_align_celeba/054359.jpg,True,0.1,"[54.31000518798828,66.63363647460938,136.87644958496094,180.84996032714844]"
9706,Data/img_align_celeba/072453.jpg,True,0.1,"[46.615718841552734,61.54035568237305,131.70492553710938,183.2314910888672]"
9783,Data/img_align_celeba/030064.jpg,True,0.1,"[36.96949005126953,49.06703186035156,128.50904846191406,191.8732452392578]"
9783,Data/img_align_celeba/035005.jpg,True,0.1,"[55.57976150512695,55.86142349243164,146.60427856445312,193.0938720703125]"
9783,Data/img_align_celeba/035212.jpg,True,0.1,"[50.521305084228516,62.440818786621094,126.99252319335938,177.7744903564453]"
9808,Data/img_align_celeba/016126.jpg,True,0.1,"[31.192550659179688,52.97978973388672,129.84481811523438,177.51332092285156]"
9808,Data/img_align_celeba/026483.jpg,True,0.1,"[43.5915641784668,60.95479965209961,133.21728515625,185.05926513671875]"
9808,Data/img_align_celeba/026913.jpg,True,0.1,"[23.213701248168945,54.25528335571289,113.5676498413086,182.94480895996094]"
10039,Data/img_align_celeba/028571.jpg,True,0.1,"[45.21150207519531,66.6034164428711,134.96116638183594,179.697509765625]"
10039,Data/img_align_celeba/035526.jpg,True,0.1,"[36.62417221069336,63.885765075683594,129.29148864746094,182.0780792236328]"
10039,Data/img_align_celeba/043124.jpg,True,0.1,"[46.619590759277344,56.8161506652832,144.2730712890625,184.22665405273438]"
10067,Data/img_align_celeba/020011.jpg,True,0.1,"[46.36834716796875,66.68341064453125,134.5909881591797,181.4513397216797]"
10067,Data/img_align_celeba/037025.jpg,True,0.1,"[63.46672439575195,59.5302619934082,150.4990234375,187.5643768310547]"
10067,Data/img_align_celeba/053231.jpg,True,0.1,"[27.72631072998047,61.29158020019531,113.91343688964844,185.81387329101562]"
10074,Data/img_align_celeba/019850.jpg,True,0.1,"[50.02410125732422,63.23126983642578,139.6094512939453,184.68927001953125]"
10074,Data/img_align_celeba/037215.jpg,True,0.1,"[39.16819381713867,65.92034149169922,128.79701232910156,180.59368896484375]"
10074,Data/img_align_celeba/045410.jpg,True,0.1,"[44.100563049316406,66.9356460571289,137.08773803710938,184.72499084472656]"
