group,policy,recognizer,FA,RA,ERB,IdentityLeak@8,selection_target_similarity,mean_target_similarity,evaluated_sample_count
437,nearest_hard,arcface,29.166666666666668,87.5,78.28947368421053,100.0,0.8855254650115967,0.6911170929670334,168
437,nearest_hard,adaface,45.83333333333333,86.80555555555556,66.70771756978654,100.0,0.8855254650115967,0.6726282387971878,168
437,random_hard,arcface,0.0,87.5,93.33333333333331,0.0,0.3123148679733276,0.182738213489453,168
437,random_hard,adaface,0.0,85.41666666666666,92.13483146067416,0.0,0.3123148679733276,0.2204255356142918,168
437,median_hard,arcface,0.0,87.5,93.33333333333331,0.0,0.3123148679733276,0.182738213489453,168
437,median_hard,adaface,0.0,85.41666666666666,92.13483146067416,0.0,0.3123148679733276,0.2204255356142918,168
437,least_sim_hard,arcface,0.0,88.11188811188812,93.68029739776954,0.0,0.2475332915782928,0.1789655551935235,167
437,least_sim_hard,adaface,0.0,86.7132867132867,92.88389513108612,0.0,0.2475332915782928,0.2296155666311582,167
900,nearest_hard,arcface,100.0,85.5072463768116,0.0,100.0,0.8597148060798645,0.7791323612133662,162
900,nearest_hard,adaface,41.66666666666667,86.95652173913044,69.82543640897757,100.0,0.8597148060798645,0.7613361304004987,162
900,random_hard,arcface,100.0,85.5072463768116,0.0,100.0,0.8597148060798645,0.7791323612133662,162
900,random_hard,adaface,41.66666666666667,86.95652173913044,69.82543640897757,100.0,0.8597148060798645,0.7613361304004987,162
900,median_hard,arcface,0.0,85.5072463768116,92.1875,0.0,0.3453413248062134,0.2864853392044703,162
900,median_hard,adaface,0.0,87.68115942028986,93.43629343629344,0.0,0.3453413248062134,0.3143312775840362,162
900,least_sim_hard,arcface,0.0,85.5072463768116,92.1875,0.0,0.2782435417175293,0.196167616173625,162
900,least_sim_hard,adaface,0.0,86.95652173913044,93.0232558139535,0.0,0.2782435417175293,0.2768598509331544,162
909,nearest_hard,arcface,0.0,83.80281690140845,91.18773946360152,0.0,0.7515740394592285,0.7466454449154082,163
909,nearest_hard,adaface,19.047619047619047,76.76056338028168,78.80076546884966,100.0,0.7515740394592285,0.7534160812695821,163
909,random_hard,arcface,0.0,83.80281690140845,91.18773946360152,0.0,0.7515740394592285,0.7466454449154082,163
909,random_hard,adaface,19.047619047619047,76.76056338028168,78.80076546884966,100.0,0.7515740394592285,0.7534160812695821,163
909,median_hard,arcface,0.0,84.50704225352112,91.6030534351145,0.0,0.3427057862281799,0.2102709102133909,166
909,median_hard,adaface,0.0,77.46478873239437,87.3015873015873,0.0,0.3427057862281799,0.2699951821317275,166
909,least_sim_hard,arcface,0.0,84.50704225352112,91.6030534351145,0.0,0.253473699092865,0.2879592428604762,166
909,least_sim_hard,adaface,0.0,76.76056338028168,86.85258964143426,0.0,0.253473699092865,0.3019243453939755,166
1116,nearest_hard,arcface,95.83333333333334,67.13286713286713,7.8463424601552765,100.0,0.7938684225082397,0.7187660038471222,167
1116,nearest_hard,adaface,79.16666666666666,67.83216783216784,31.876437725928373,100.0,0.7938684225082397,0.7481297999620438,167
1116,random_hard,arcface,95.83333333333334,67.13286713286713,7.8463424601552765,100.0,0.7938684225082397,0.7187660038471222,167
1116,random_hard,adaface,79.16666666666666,67.83216783216784,31.876437725928373,100.0,0.7938684225082397,0.7481297999620438,167
1116,median_hard,arcface,0.0,66.66666666666666,80.0,0.0,0.2336987257003784,0.2490776410947243,168
1116,median_hard,adaface,0.0,68.05555555555556,80.9917355371901,0.0,0.2336987257003784,0.2978013462076584,168
1116,least_sim_hard,arcface,0.0,66.66666666666666,80.0,0.0,0.2046848982572555,0.2668671278903882,168
1116,least_sim_hard,adaface,0.0,67.36111111111111,80.49792531120332,0.0,0.2046848982572555,0.397966926296552,168
1368,nearest_hard,arcface,0.0,100.0,100.0,0.0,0.8327707052230835,0.660518171886603,167
1368,nearest_hard,adaface,0.0,99.3006993006993,99.64912280701756,0.0,0.8327707052230835,0.6482181300719579,167
1368,random_hard,arcface,0.0,98.6013986013986,99.29577464788731,0.0,0.2863460779190063,0.2148164138197899,167
1368,random_hard,adaface,0.0,98.6013986013986,99.29577464788731,0.0,0.2863460779190063,0.2729396137098471,167
1368,median_hard,arcface,0.0,100.0,100.0,0.0,0.2909440398216247,0.2227910241732994,166
1368,median_hard,adaface,0.0,99.29577464788731,99.64664310954063,0.0,0.2909440398216247,0.2414168839653333,166
1368,least_sim_hard,arcface,0.0,98.6013986013986,99.29577464788731,0.0,0.2863460779190063,0.2148164138197899,167
1368,least_sim_hard,adaface,0.0,98.6013986013986,99.29577464788731,0.0,0.2863460779190063,0.2729396137098471,167
1375,nearest_hard,arcface,100.0,88.65248226950354,0.0,100.0,0.9101989269256592,0.7367781574527422,165
1375,nearest_hard,adaface,100.0,83.68794326241135,0.0,100.0,0.9101989269256592,0.7453479766845703,165
1375,random_hard,arcface,0.0,88.65248226950354,93.98496240601504,0.0,0.3230573534965515,0.2457748278975486,165
1375,random_hard,adaface,0.0,83.68794326241135,91.11969111969113,0.0,0.3230573534965515,0.2550756800919771,165
1375,median_hard,arcface,0.0,88.65248226950354,93.98496240601504,0.0,0.3230573534965515,0.2457748278975486,165
1375,median_hard,adaface,0.0,83.68794326241135,91.11969111969113,0.0,0.3230573534965515,0.2550756800919771,165
1375,least_sim_hard,arcface,0.0,88.65248226950354,93.98496240601504,0.0,0.3111060261726379,0.2349266894161701,165
1375,least_sim_hard,adaface,0.0,83.68794326241135,91.11969111969113,0.0,0.3111060261726379,0.303538126250108,165
1489,nearest_hard,arcface,100.0,87.5,0.0,100.0,0.7436854839324951,0.7212133184075356,168
1489,nearest_hard,adaface,25.0,93.05555555555556,83.05785123966943,100.0,0.7436854839324951,0.693032776316007,168
1489,random_hard,arcface,0.0,87.5,93.33333333333331,0.0,0.2764826416969299,0.2930790757139523,168
1489,random_hard,adaface,0.0,92.36111111111111,96.028880866426,0.0,0.2764826416969299,0.3391886502504349,168
1489,median_hard,arcface,0.0,87.5,93.33333333333331,0.0,0.2859888970851898,0.299490896364053,168
1489,median_hard,adaface,0.0,93.05555555555556,96.40287769784176,0.0,0.2859888970851898,0.2776281237602234,168
1489,least_sim_hard,arcface,0.0,87.5,93.33333333333331,0.0,0.2764826416969299,0.2930790757139523,168
1489,least_sim_hard,adaface,0.0,92.36111111111111,96.028880866426,0.0,0.2764826416969299,0.3391886502504349,168
1490,nearest_hard,arcface,8.333333333333332,86.52482269503547,89.02155887230515,66.66666666666666,0.865782618522644,0.7048592542608579,165
1490,nearest_hard,adaface,62.5,84.39716312056737,51.92727272727273,100.0,0.865782618522644,0.7006487722198168,165
1490,random_hard,arcface,0.0,86.52482269503547,92.77566539923954,0.0,0.3304771184921264,0.2459334259231885,165
1490,random_hard,adaface,0.0,84.39716312056737,91.53846153846152,0.0,0.3304771184921264,0.2501537365218003,165
1490,median_hard,arcface,0.0,86.52482269503547,92.77566539923954,0.0,0.3777328133583069,0.2802078121652205,165
1490,median_hard,adaface,0.0,84.39716312056737,91.53846153846152,0.0,0.3777328133583069,0.274816695600748,165
1490,least_sim_hard,arcface,0.0,86.52482269503547,92.77566539923954,0.0,0.3304771184921264,0.2459334259231885,165
1490,least_sim_hard,adaface,0.0,84.39716312056737,91.53846153846152,0.0,0.3304771184921264,0.2501537365218003,165
1629,nearest_hard,arcface,0.0,88.48920863309353,93.89312977099236,0.0,0.8942027688026428,0.6314006373286247,163
1629,nearest_hard,adaface,0.0,90.64748201438849,95.0943396226415,0.0,0.8942027688026428,0.5811767553289732,163
1629,random_hard,arcface,0.0,88.48920863309353,93.89312977099236,0.0,0.3680254518985748,0.3791266866028309,163
1629,random_hard,adaface,0.0,91.36690647482014,95.48872180451126,0.0,0.3680254518985748,0.405707282324632,163
1629,median_hard,arcface,0.0,88.48920863309353,93.89312977099236,0.0,0.3680254518985748,0.3791266866028309,163
1629,median_hard,adaface,0.0,91.36690647482014,95.48872180451126,0.0,0.3680254518985748,0.405707282324632,163
1629,least_sim_hard,arcface,0.0,88.48920863309353,93.89312977099236,0.0,0.3220369517803192,0.2833131408939759,163
1629,least_sim_hard,adaface,0.0,90.64748201438849,95.0943396226415,0.0,0.3220369517803192,0.3486799684663613,163
1630,nearest_hard,arcface,100.0,66.66666666666666,0.0,100.0,0.9016630053520204,0.7399154021626427,162
1630,nearest_hard,adaface,100.0,70.2127659574468,0.0,100.0,0.9016630053520204,0.7410774003891718,162
1630,random_hard,arcface,0.0,67.37588652482269,80.50847457627118,0.0,0.2509503066539764,0.2437061009307702,165
1630,random_hard,adaface,0.0,69.50354609929079,82.00836820083683,0.0,0.2509503066539764,0.3246012280384699,165
1630,median_hard,arcface,0.0,66.66666666666666,80.0,0.0,0.3633449673652649,0.4441460818052292,165
1630,median_hard,adaface,0.0,69.50354609929079,82.00836820083683,0.0,0.3633449673652649,0.4779261586566766,165
1630,least_sim_hard,arcface,0.0,67.37588652482269,80.50847457627118,0.0,0.2509503066539764,0.2437061009307702,165
1630,least_sim_hard,adaface,0.0,69.50354609929079,82.00836820083683,0.0,0.2509503066539764,0.3246012280384699,165
1819,nearest_hard,arcface,75.0,92.02898550724638,39.31888544891641,100.0,0.9082443714141846,0.7170257369677225,162
1819,nearest_hard,adaface,87.5,87.68115942028986,21.88065099457505,100.0,0.9082443714141846,0.7344527666767439,162
1819,random_hard,arcface,75.0,92.02898550724638,39.31888544891641,100.0,0.9082443714141846,0.7170257369677225,162
1819,random_hard,adaface,87.5,87.68115942028986,21.88065099457505,100.0,0.9082443714141846,0.7344527666767439,162
1819,median_hard,arcface,0.0,91.97080291970804,95.8174904942966,0.0,0.2693089842796325,0.2233842791368564,161
1819,median_hard,adaface,0.0,88.32116788321169,93.79844961240312,0.0,0.2693089842796325,0.241749208420515,161
1819,least_sim_hard,arcface,0.0,92.02898550724638,95.8490566037736,0.0,0.2493828237056732,0.2437734920531511,154
1819,least_sim_hard,adaface,0.0,88.40579710144928,93.84615384615384,0.0,0.2493828237056732,0.2097346913069486,154
2877,nearest_hard,arcface,100.0,84.17266187050359,0.0,100.0,0.8656468391418457,0.7343965743978819,163
2877,nearest_hard,adaface,100.0,83.45323741007195,0.0,100.0,0.8656468391418457,0.7631948764125506,163
2877,random_hard,arcface,100.0,84.17266187050359,0.0,100.0,0.8656468391418457,0.7343965743978819,163
2877,random_hard,adaface,100.0,83.45323741007195,0.0,100.0,0.8656468391418457,0.7631948764125506,163
2877,median_hard,arcface,0.0,84.17266187050359,91.40625,0.0,0.3224891424179077,0.2481061642368634,163
2877,median_hard,adaface,0.0,83.45323741007195,90.98039215686276,0.0,0.3224891424179077,0.3729862086474895,163
2877,least_sim_hard,arcface,0.0,84.28571428571429,91.47286821705428,0.0,0.2944827675819397,0.2397563078751166,164
2877,least_sim_hard,adaface,0.0,83.57142857142857,91.05058365758757,0.0,0.2944827675819397,0.2866493637363116,164
3077,nearest_hard,arcface,0.0,98.61111111111111,99.3006993006993,0.0,0.9116132259368896,0.74136916299661,168
3077,nearest_hard,adaface,0.0,98.61111111111111,99.3006993006993,0.0,0.9116132259368896,0.7434732789794604,168
3077,random_hard,arcface,0.0,98.61111111111111,99.3006993006993,0.0,0.3127485811710357,0.216107682014505,168
3077,random_hard,adaface,0.0,98.61111111111111,99.3006993006993,0.0,0.3127485811710357,0.3011611476540565,168
3077,median_hard,arcface,0.0,98.61111111111111,99.3006993006993,0.0,0.3127485811710357,0.216107682014505,168
3077,median_hard,adaface,0.0,98.61111111111111,99.3006993006993,0.0,0.3127485811710357,0.3011611476540565,168
3077,least_sim_hard,arcface,0.0,98.61111111111111,99.3006993006993,0.0,0.2705790996551513,0.1974136171241601,168
3077,least_sim_hard,adaface,0.0,98.61111111111111,99.3006993006993,0.0,0.2705790996551513,0.2558160337309043,168
3078,nearest_hard,arcface,100.0,92.36111111111111,0.0,100.0,0.9200803637504578,0.7698693772157034,168
3078,nearest_hard,adaface,100.0,90.2777777777778,0.0,100.0,0.9200803637504578,0.7594784299532572,168
3078,random_hard,arcface,100.0,92.36111111111111,0.0,100.0,0.9200803637504578,0.7698693772157034,168
3078,random_hard,adaface,100.0,90.2777777777778,0.0,100.0,0.9200803637504578,0.7594784299532572,168
3078,median_hard,arcface,0.0,91.66666666666666,95.65217391304348,0.0,0.3013828694820404,0.2100149883578221,168
3078,median_hard,adaface,0.0,89.58333333333334,94.50549450549453,0.0,0.3013828694820404,0.2218938743074735,168
3078,least_sim_hard,arcface,0.0,92.36111111111111,96.028880866426,0.0,0.2898251712322235,0.2074984734257062,168
3078,least_sim_hard,adaface,0.0,90.2777777777778,94.89051094890512,0.0,0.2898251712322235,0.2347839865833521,168
3465,nearest_hard,arcface,100.0,87.41258741258741,0.0,100.0,0.9043560028076172,0.7734222908814748,167
3465,nearest_hard,adaface,100.0,88.11188811188812,0.0,100.0,0.9043560028076172,0.7793317263325056,167
3465,random_hard,arcface,0.0,88.11188811188812,93.68029739776954,0.0,0.3803271055221557,0.3306258134543895,167
3465,random_hard,adaface,0.0,88.11188811188812,93.68029739776954,0.0,0.3803271055221557,0.318811093767484,167
3465,median_hard,arcface,0.0,88.11188811188812,93.68029739776954,0.0,0.3803271055221557,0.3306258134543895,167
3465,median_hard,adaface,0.0,88.11188811188812,93.68029739776954,0.0,0.3803271055221557,0.318811093767484,167
3465,least_sim_hard,arcface,0.0,88.65248226950354,93.98496240601504,0.0,0.3502427339553833,0.3575161372621854,165
3465,least_sim_hard,adaface,0.0,88.65248226950354,93.98496240601504,0.0,0.3502427339553833,0.356517327328523,165
3467,nearest_hard,arcface,0.0,98.57142857142858,99.28057553956836,0.0,0.773377001285553,0.3497517195840676,164
3467,nearest_hard,adaface,0.0,99.28571428571428,99.64157706093192,0.0,0.773377001285553,0.3789362249275048,164
3467,random_hard,arcface,0.0,100.0,100.0,0.0,0.2737230658531189,0.1963601571818193,163
3467,random_hard,adaface,0.0,100.0,100.0,0.0,0.2737230658531189,0.223822658881545,163
3467,median_hard,arcface,0.0,100.0,100.0,0.0,0.3734317719936371,0.1827356138577064,163
3467,median_hard,adaface,0.0,100.0,100.0,0.0,0.3734317719936371,0.21316676090161,163
3467,least_sim_hard,arcface,0.0,100.0,100.0,0.0,0.2737230658531189,0.1963601571818193,163
3467,least_sim_hard,adaface,0.0,100.0,100.0,0.0,0.2737230658531189,0.223822658881545,163
3693,nearest_hard,arcface,75.0,99.30555555555556,39.94413407821229,100.0,0.8541353344917297,0.524324099222819,168
3693,nearest_hard,adaface,87.5,100.0,22.22222222222222,100.0,0.8541353344917297,0.5379815734922886,168
3693,random_hard,arcface,0.0,98.61111111111111,99.3006993006993,0.0,0.2255918383598327,0.1871880715092023,168
3693,random_hard,adaface,0.0,100.0,100.0,0.0,0.2255918383598327,0.1971641307075818,168
3693,median_hard,arcface,0.0,99.30555555555556,99.65156794425089,0.0,0.296545922756195,0.1530888540049394,168
3693,median_hard,adaface,0.0,100.0,100.0,0.0,0.296545922756195,0.1904681529849767,168
3693,least_sim_hard,arcface,0.0,98.61111111111111,99.3006993006993,0.0,0.2255918383598327,0.1871880715092023,168
3693,least_sim_hard,adaface,0.0,100.0,100.0,0.0,0.2255918383598327,0.1971641307075818,168
3920,nearest_hard,arcface,0.0,95.1048951048951,97.49103942652332,0.0,0.8478947877883911,0.4859071051081021,167
3920,nearest_hard,adaface,12.5,95.1048951048951,91.14408808042128,100.0,0.8478947877883911,0.520369021842877,167
3920,random_hard,arcface,0.0,95.07042253521126,97.47292418772562,0.0,0.3106212019920349,0.094272198776404,166
3920,random_hard,adaface,0.0,95.77464788732394,97.84172661870502,0.0,0.3106212019920349,0.0869057519206156,166
3920,median_hard,arcface,0.0,95.07042253521126,97.47292418772562,0.0,0.435434877872467,0.2523700476934512,166
3920,median_hard,adaface,0.0,95.07042253521126,97.47292418772562,0.0,0.435434877872467,0.2439802618076404,166
3920,least_sim_hard,arcface,0.0,95.07042253521126,97.47292418772562,0.0,0.3106212019920349,0.094272198776404,166
3920,least_sim_hard,adaface,0.0,95.77464788732394,97.84172661870502,0.0,0.3106212019920349,0.0869057519206156,166
4015,nearest_hard,arcface,8.333333333333332,77.77777777777779,84.15300546448088,33.33333333333333,0.8748234510421753,0.7640835344791412,168
4015,nearest_hard,adaface,0.0,79.16666666666666,88.37209302325581,0.0,0.8748234510421753,0.7550907631715139,168
4015,random_hard,arcface,8.333333333333332,77.77777777777779,84.15300546448088,33.33333333333333,0.8748234510421753,0.7640835344791412,168
4015,random_hard,adaface,0.0,79.16666666666666,88.37209302325581,0.0,0.8748234510421753,0.7550907631715139,168
4015,median_hard,arcface,62.5,77.08333333333334,50.45454545454546,100.0,0.3246673941612243,0.1880928569783767,168
4015,median_hard,adaface,29.166666666666668,79.16666666666666,74.7685185185185,100.0,0.3246673941612243,0.1729688144599398,168
4015,least_sim_hard,arcface,0.0,77.08333333333334,87.05882352941177,0.0,0.249898299574852,0.1659128402049342,168
4015,least_sim_hard,adaface,0.0,78.47222222222221,87.93774319066146,0.0,0.249898299574852,0.1981696675842007,168
4016,nearest_hard,arcface,87.5,67.37588652482269,21.08768035516093,100.0,0.9258601665496826,0.794602687160174,165
4016,nearest_hard,adaface,70.83333333333334,68.79432624113475,40.96530920060331,100.0,0.9258601665496826,0.7917644555370013,165
4016,random_hard,arcface,87.5,67.37588652482269,21.08768035516093,100.0,0.9258601665496826,0.794602687160174,165
4016,random_hard,adaface,70.83333333333334,68.79432624113475,40.96530920060331,100.0,0.9258601665496826,0.7917644555370013,165
4016,median_hard,arcface,16.666666666666664,67.37588652482269,74.50980392156863,100.0,0.3129567801952362,0.1575990095734596,165
4016,median_hard,adaface,29.166666666666668,70.2127659574468,70.52168447517283,100.0,0.3129567801952362,0.1805166586612661,165
4016,least_sim_hard,arcface,0.0,67.37588652482269,80.50847457627118,0.0,0.2904475927352905,0.0888253073208034,165
4016,least_sim_hard,adaface,0.0,69.50354609929079,82.00836820083683,0.0,0.2904475927352905,0.1433319731925924,165
4040,nearest_hard,arcface,12.5,95.8041958041958,91.46399618502622,100.0,0.9098246097564696,0.767708440621694,167
4040,nearest_hard,adaface,16.666666666666664,95.1048951048951,88.83082952318746,100.0,0.9098246097564696,0.7522959833343824,167
4040,random_hard,arcface,12.5,95.8041958041958,91.46399618502622,100.0,0.9098246097564696,0.767708440621694,167
4040,random_hard,adaface,16.666666666666664,95.1048951048951,88.83082952318746,100.0,0.9098246097564696,0.7522959833343824,167
4040,median_hard,arcface,0.0,96.5034965034965,98.22064056939502,0.0,0.2952794134616852,0.2467900294633138,164
4040,median_hard,adaface,0.0,95.1048951048951,97.49103942652332,0.0,0.2952794134616852,0.2970827931449527,164
4040,least_sim_hard,arcface,0.0,96.5034965034965,98.22064056939502,0.0,0.2809801697731018,0.2118980673452218,167
4040,least_sim_hard,adaface,0.0,95.1048951048951,97.49103942652332,0.0,0.2809801697731018,0.2415738565226396,167
4426,nearest_hard,arcface,95.83333333333334,99.30555555555556,7.997762863534658,100.0,0.9164549112319946,0.7813962772488594,168
4426,nearest_hard,adaface,70.83333333333334,100.0,45.16129032258063,100.0,0.9164549112319946,0.7759382401903471,168
4426,random_hard,arcface,95.83333333333334,99.30555555555556,7.997762863534658,100.0,0.9164549112319946,0.7813962772488594,168
4426,random_hard,adaface,70.83333333333334,100.0,45.16129032258063,100.0,0.9164549112319946,0.7759382401903471,168
4426,median_hard,arcface,0.0,98.61111111111111,99.3006993006993,0.0,0.3475584089756012,0.2606950209786494,168
4426,median_hard,adaface,0.0,100.0,100.0,0.0,0.3475584089756012,0.3183554820716381,168
4426,least_sim_hard,arcface,0.0,98.61111111111111,99.3006993006993,0.0,0.3129263520240783,0.2961159187058608,168
4426,least_sim_hard,adaface,0.0,100.0,100.0,0.0,0.3129263520240783,0.3448715197543303,168
4427,nearest_hard,arcface,33.33333333333333,92.36111111111111,77.43813682678312,100.0,0.947195053100586,0.7654340043663979,168
4427,nearest_hard,adaface,29.166666666666668,91.66666666666666,79.91452991452991,100.0,0.947195053100586,0.7663926730553309,168
4427,random_hard,arcface,0.0,91.66666666666666,95.65217391304348,0.0,0.3210086822509765,0.3003241674353679,168
4427,random_hard,adaface,0.0,92.36111111111111,96.028880866426,0.0,0.3210086822509765,0.3663047713538011,168
4427,median_hard,arcface,0.0,91.66666666666666,95.65217391304348,0.0,0.3210086822509765,0.3003241674353679,168
4427,median_hard,adaface,0.0,92.36111111111111,96.028880866426,0.0,0.3210086822509765,0.3663047713538011,168
4427,least_sim_hard,arcface,0.0,91.66666666666666,95.65217391304348,0.0,0.3053010404109955,0.2712373559673627,168
4427,least_sim_hard,adaface,0.0,92.36111111111111,96.028880866426,0.0,0.3053010404109955,0.2893749388555686,168
4430,nearest_hard,arcface,0.0,100.0,100.0,0.0,0.9188615083694458,0.6309988846381506,168
4430,nearest_hard,adaface,0.0,99.30555555555556,99.65156794425089,0.0,0.9188615083694458,0.6321458891034126,168
4430,random_hard,arcface,0.0,100.0,100.0,0.0,0.9188615083694458,0.6309988846381506,168
4430,random_hard,adaface,0.0,99.30555555555556,99.65156794425089,0.0,0.9188615083694458,0.6321458891034126,168
4430,median_hard,arcface,0.0,100.0,100.0,0.0,0.3255099356174469,0.220026483759284,168
4430,median_hard,adaface,0.0,98.61111111111111,99.3006993006993,0.0,0.3255099356174469,0.2942733094096184,168
4430,least_sim_hard,arcface,0.0,100.0,100.0,0.0,0.3074941635131836,0.3028547875583172,168
4430,least_sim_hard,adaface,0.0,98.61111111111111,99.3006993006993,0.0,0.3074941635131836,0.2866358297566573,168
4431,nearest_hard,arcface,100.0,84.02777777777779,0.0,100.0,0.8893424272537231,0.7748098398248354,168
4431,nearest_hard,adaface,100.0,84.72222222222221,0.0,100.0,0.8893424272537231,0.7429981703559557,168
4431,random_hard,arcface,100.0,84.02777777777779,0.0,100.0,0.8893424272537231,0.7748098398248354,168
4431,random_hard,adaface,100.0,84.72222222222221,0.0,100.0,0.8893424272537231,0.7429981703559557,168
4431,median_hard,arcface,0.0,83.33333333333334,90.9090909090909,0.0,0.3321038484573364,0.2963865796724955,168
4431,median_hard,adaface,0.0,84.72222222222221,91.72932330827066,0.0,0.3321038484573364,0.3093772282203038,168
4431,least_sim_hard,arcface,0.0,84.02777777777779,91.32075471698116,0.0,0.3015915751457214,0.2787743334968884,168
4431,least_sim_hard,adaface,0.0,84.72222222222221,91.72932330827066,0.0,0.3015915751457214,0.3304641135036945,168
5094,nearest_hard,arcface,0.0,97.85714285714285,98.91696750902528,0.0,0.9085071086883544,0.7171442707379659,164
5094,nearest_hard,adaface,0.0,98.57142857142858,99.28057553956836,0.0,0.9085071086883544,0.7305679619312286,164
5094,random_hard,arcface,0.0,98.57142857142858,99.28057553956836,0.0,0.4283676147460937,0.383058367917935,164
5094,random_hard,adaface,0.0,98.57142857142858,99.28057553956836,0.0,0.4283676147460937,0.4121245679756005,164
5094,median_hard,arcface,0.0,98.57142857142858,99.28057553956836,0.0,0.4283676147460937,0.383058367917935,164
5094,median_hard,adaface,0.0,98.57142857142858,99.28057553956836,0.0,0.4283676147460937,0.4121245679756005,164
5094,least_sim_hard,arcface,0.0,97.85714285714285,98.91696750902528,0.0,0.3798982501029968,0.3265217033525308,164
5094,least_sim_hard,adaface,0.0,97.85714285714285,98.91696750902528,0.0,0.3798982501029968,0.3216378390789032,164
5095,nearest_hard,arcface,87.5,90.64748201438849,21.97035745422842,100.0,0.9277671575546264,0.7720543071627617,163
5095,nearest_hard,adaface,87.5,89.92805755395683,21.94907813871817,100.0,0.9277671575546264,0.7695014501611391,163
5095,random_hard,arcface,0.0,92.14285714285714,95.91078066914498,0.0,0.3673937320709228,0.3097447541852792,164
5095,random_hard,adaface,0.0,89.28571428571429,94.33962264150944,0.0,0.3673937320709228,0.3366543936232726,164
5095,median_hard,arcface,0.0,89.28571428571429,94.33962264150944,0.0,0.4626442790031433,0.3981446623802185,164
5095,median_hard,adaface,0.0,88.57142857142857,93.93939393939394,0.0,0.4626442790031433,0.3524753836294015,164
5095,least_sim_hard,arcface,0.0,92.14285714285714,95.91078066914498,0.0,0.3673937320709228,0.3097447541852792,164
5095,least_sim_hard,adaface,0.0,89.28571428571429,94.33962264150944,0.0,0.3673937320709228,0.3366543936232726,164
7110,nearest_hard,arcface,87.5,86.01398601398601,21.82786157941437,100.0,0.9286210536956788,0.8033461918433508,167
7110,nearest_hard,adaface,83.33333333333334,86.7132867132867,27.95941375422772,100.0,0.9286210536956788,0.7918281679352125,167
7110,random_hard,arcface,0.0,86.01398601398601,92.4812030075188,0.0,0.2862815260887146,0.2284949825455745,167
7110,random_hard,adaface,0.0,88.11188811188812,93.68029739776954,0.0,0.2862815260887146,0.2768052872270345,167
7110,median_hard,arcface,0.0,86.01398601398601,92.4812030075188,0.0,0.3306444883346557,0.2288187587012847,167
7110,median_hard,adaface,0.0,87.41258741258741,93.28358208955224,0.0,0.3306444883346557,0.2372913298507531,167
7110,least_sim_hard,arcface,0.0,86.01398601398601,92.4812030075188,0.0,0.2862815260887146,0.2284949825455745,167
7110,least_sim_hard,adaface,0.0,88.11188811188812,93.68029739776954,0.0,0.2862815260887146,0.2768052872270345,167
9007,nearest_hard,arcface,0.0,94.44444444444444,97.14285714285712,0.0,0.565701961517334,0.5013150076071421,168
9007,nearest_hard,adaface,0.0,94.44444444444444,97.14285714285712,0.0,0.565701961517334,0.5021958164870739,168
9007,random_hard,arcface,0.0,94.44444444444444,97.14285714285712,0.0,0.5033526420593262,0.2900391618410746,168
9007,random_hard,adaface,0.0,94.44444444444444,97.14285714285712,0.0,0.5033526420593262,0.2799203706284364,168
9007,median_hard,arcface,0.0,94.44444444444444,97.14285714285712,0.0,0.5033526420593262,0.2900391618410746,168
9007,median_hard,adaface,0.0,94.44444444444444,97.14285714285712,0.0,0.5033526420593262,0.2799203706284364,168
9007,least_sim_hard,arcface,0.0,94.44444444444444,97.14285714285712,0.0,0.2329703271389007,0.1288798074238002,168
9007,least_sim_hard,adaface,0.0,94.44444444444444,97.14285714285712,0.0,0.2329703271389007,0.1468719619636734,168
10039,nearest_hard,arcface,62.5,88.65248226950354,52.705551651440615,100.0,0.928228795528412,0.7814925933877627,165
10039,nearest_hard,adaface,66.66666666666666,88.65248226950354,48.44961240310078,100.0,0.928228795528412,0.7677361617485682,165
10039,random_hard,arcface,0.0,88.65248226950354,93.98496240601504,0.0,0.2892968952655792,0.2038624938577413,165
10039,random_hard,adaface,0.0,88.65248226950354,93.98496240601504,0.0,0.2892968952655792,0.19419549840192,165
10039,median_hard,arcface,0.0,88.65248226950354,93.98496240601504,0.0,0.2892968952655792,0.2038624938577413,165
10039,median_hard,adaface,0.0,88.65248226950354,93.98496240601504,0.0,0.2892968952655792,0.19419549840192,165
10039,least_sim_hard,arcface,0.0,88.65248226950354,93.98496240601504,0.0,0.2796336710453033,0.2121320556510578,163
10039,least_sim_hard,adaface,0.0,89.36170212765957,94.38202247191012,0.0,0.2796336710453033,0.2533843429251151,163
