run_key,experiment_name,forget_id,policy,FA,EA,RA,ERB,IdentityLeak@1,IdentityLeak@4,IdentityLeak@8,mean_target_similarity,max_target_similarity,RA_hard,RA_random,hard_neighbor_retention_gap,forget_sample_count,retain_sample_count,total_sample_count,detector_success_rate,fallback_sample_count,attempted_sample_count,evaluated_sample_count,dropped_no_face_count,det_thresh,use_fallback,after_dir,threshold
expanded_437/nearest_hard,expanded_437,437,nearest_hard,29.166666666666668,70.83333333333333,87.5,78.28947368421053,0.0,100.0,100.0,0.6911170929670334,0.7225484848022461,83.33333333333334,91.66666666666666,-8.333333333333314,24,144,168,100.0,0,168,168,0,0.1,False,outputs/expanded_437/nearest_hard_gen,0.14650361239910126
expanded_437/random_hard,expanded_437,437,random_hard,0.0,100.0,87.5,93.33333333333333,0.0,0.0,0.0,0.182738213489453,0.20104414224624634,83.33333333333334,91.66666666666666,-8.333333333333314,24,144,168,100.0,0,168,168,0,0.1,False,outputs/expanded_437/random_hard_gen,0.14650361239910126
expanded_437/median_hard,expanded_437,437,median_hard,0.0,100.0,87.5,93.33333333333333,0.0,0.0,0.0,0.182738213489453,0.20104414224624634,83.33333333333334,91.66666666666666,-8.333333333333314,24,144,168,100.0,0,168,168,0,0.1,False,outputs/expanded_437/median_hard_gen,0.14650361239910126
expanded_437/least_sim_hard,expanded_437,437,least_sim_hard,0.0,100.0,88.11188811188812,93.68029739776954,0.0,0.0,0.0,0.17896555519352356,0.20831939578056335,83.33333333333334,92.95774647887323,-9.62441314553989,24,143,167,100.0,0,168,167,1,0.1,False,outputs/expanded_437/least_sim_hard_gen,0.14650361239910126
expanded_900/nearest_hard,expanded_900,900,nearest_hard,100.0,0.0,85.5072463768116,0.0,100.0,100.0,100.0,0.7791323612133662,0.8086086511611938,73.23943661971832,98.50746268656717,-25.268026066848847,24,138,162,100.0,0,168,162,6,0.1,False,outputs/expanded_900/nearest_hard_gen,0.14650361239910126
expanded_900/random_hard,expanded_900,900,random_hard,100.0,0.0,85.5072463768116,0.0,100.0,100.0,100.0,0.7791323612133662,0.8086086511611938,73.23943661971832,98.50746268656717,-25.268026066848847,24,138,162,100.0,0,168,162,6,0.1,False,outputs/expanded_900/random_hard_gen,0.14650361239910126
expanded_900/median_hard,expanded_900,900,median_hard,0.0,100.0,85.5072463768116,92.1875,0.0,0.0,0.0,0.28648533920447034,0.3354950249195099,73.23943661971832,98.50746268656717,-25.268026066848847,24,138,162,100.0,0,168,162,6,0.1,False,outputs/expanded_900/median_hard_gen,0.14650361239910126
expanded_900/least_sim_hard,expanded_900,900,least_sim_hard,0.0,100.0,85.5072463768116,92.1875,0.0,0.0,0.0,0.196167616173625,0.2377011477947235,73.23943661971832,98.50746268656717,-25.268026066848847,24,138,162,100.0,0,168,162,6,0.1,False,outputs/expanded_900/least_sim_hard_gen,0.14650361239910126
expanded_909/nearest_hard,expanded_909,909,nearest_hard,0.0,100.0,83.80281690140845,91.18773946360152,0.0,0.0,0.0,0.7466454449154082,0.7813345789909363,67.14285714285714,100.0,-32.85714285714286,21,142,163,100.0,0,168,163,5,0.1,False,outputs/expanded_909/nearest_hard_gen,0.14650361239910126
expanded_909/random_hard,expanded_909,909,random_hard,0.0,100.0,83.80281690140845,91.18773946360152,0.0,0.0,0.0,0.7466454449154082,0.7813345789909363,67.14285714285714,100.0,-32.85714285714286,21,142,163,100.0,0,168,163,5,0.1,False,outputs/expanded_909/random_hard_gen,0.14650361239910126
expanded_909/median_hard,expanded_909,909,median_hard,0.0,100.0,84.50704225352112,91.6030534351145,0.0,0.0,0.0,0.21027091021339098,0.2843589782714844,68.57142857142857,100.0,-31.42857142857143,24,142,166,100.0,0,168,166,2,0.1,False,outputs/expanded_909/median_hard_gen,0.14650361239910126
expanded_909/least_sim_hard,expanded_909,909,least_sim_hard,0.0,100.0,84.50704225352112,91.6030534351145,0.0,0.0,0.0,0.2879592428604762,0.33895570039749146,68.57142857142857,100.0,-31.42857142857143,24,142,166,100.0,0,168,166,2,0.1,False,outputs/expanded_909/least_sim_hard_gen,0.14650361239910126
expanded_1116/nearest_hard,expanded_1116,1116,nearest_hard,95.83333333333334,4.166666666666657,67.13286713286713,7.8463424601552765,100.0,100.0,100.0,0.7187660038471222,0.7404365539550781,67.6056338028169,66.66666666666666,0.9389671361502394,24,143,167,100.0,0,168,167,1,0.1,False,outputs/expanded_1116/nearest_hard_gen,0.14650361239910126
expanded_1116/random_hard,expanded_1116,1116,random_hard,95.83333333333334,4.166666666666657,67.13286713286713,7.8463424601552765,100.0,100.0,100.0,0.7187660038471222,0.7404365539550781,67.6056338028169,66.66666666666666,0.9389671361502394,24,143,167,100.0,0,168,167,1,0.1,False,outputs/expanded_1116/random_hard_gen,0.14650361239910126
expanded_1116/median_hard,expanded_1116,1116,median_hard,0.0,100.0,66.66666666666666,80.0,0.0,0.0,0.0,0.24907764109472433,0.29813218116760254,66.66666666666666,66.66666666666666,0.0,24,144,168,100.0,0,168,168,0,0.1,False,outputs/expanded_1116/median_hard_gen,0.14650361239910126
expanded_1116/least_sim_hard,expanded_1116,1116,least_sim_hard,0.0,100.0,66.66666666666666,80.0,0.0,0.0,0.0,0.2668671278903882,0.3399032950401306,66.66666666666666,66.66666666666666,0.0,24,144,168,100.0,0,168,168,0,0.1,False,outputs/expanded_1116/least_sim_hard_gen,0.14650361239910126
expanded_1368/nearest_hard,expanded_1368,1368,nearest_hard,0.0,100.0,100.0,100.0,0.0,0.0,0.0,0.660518171886603,0.6842747926712036,100.0,100.0,0.0,24,143,167,100.0,0,168,167,1,0.1,False,outputs/expanded_1368/nearest_hard_gen,0.14650361239910126
expanded_1368/random_hard,expanded_1368,1368,random_hard,0.0,100.0,98.6013986013986,99.29577464788731,0.0,0.0,0.0,0.2148164138197899,0.2518322467803955,97.1830985915493,100.0,-2.816901408450704,24,143,167,100.0,0,168,167,1,0.1,False,outputs/expanded_1368/random_hard_gen,0.14650361239910126
expanded_1368/median_hard,expanded_1368,1368,median_hard,0.0,100.0,100.0,100.0,0.0,0.0,0.0,0.22279102417329946,0.2584405541419983,100.0,100.0,0.0,24,142,166,100.0,0,168,166,2,0.1,False,outputs/expanded_1368/median_hard_gen,0.14650361239910126
expanded_1368/least_sim_hard,expanded_1368,1368,least_sim_hard,0.0,100.0,98.6013986013986,99.29577464788731,0.0,0.0,0.0,0.2148164138197899,0.2518322467803955,97.1830985915493,100.0,-2.816901408450704,24,143,167,100.0,0,168,167,1,0.1,False,outputs/expanded_1368/least_sim_hard_gen,0.14650361239910126
expanded_1375/nearest_hard,expanded_1375,1375,nearest_hard,100.0,0.0,88.65248226950354,0.0,100.0,100.0,100.0,0.7367781574527422,0.7579052448272705,77.46478873239437,100.0,-22.535211267605632,24,141,165,100.0,0,168,165,3,0.1,False,outputs/expanded_1375/nearest_hard_gen,0.14650361239910126
expanded_1375/random_hard,expanded_1375,1375,random_hard,0.0,100.0,88.65248226950354,93.98496240601504,0.0,0.0,0.0,0.24577482789754868,0.2809372544288635,77.46478873239437,100.0,-22.535211267605632,24,141,165,100.0,0,168,165,3,0.1,False,outputs/expanded_1375/random_hard_gen,0.14650361239910126
expanded_1375/median_hard,expanded_1375,1375,median_hard,0.0,100.0,88.65248226950354,93.98496240601504,0.0,0.0,0.0,0.24577482789754868,0.2809372544288635,77.46478873239437,100.0,-22.535211267605632,24,141,165,100.0,0,168,165,3,0.1,False,outputs/expanded_1375/median_hard_gen,0.14650361239910126
expanded_1375/least_sim_hard,expanded_1375,1375,least_sim_hard,0.0,100.0,88.65248226950354,93.98496240601504,0.0,0.0,0.0,0.23492668941617012,0.26792797446250916,77.46478873239437,100.0,-22.535211267605632,24,141,165,100.0,0,168,165,3,0.1,False,outputs/expanded_1375/least_sim_hard_gen,0.14650361239910126
expanded_1489/nearest_hard,expanded_1489,1489,nearest_hard,100.0,0.0,87.5,0.0,100.0,100.0,100.0,0.7212133184075356,0.7651400566101074,75.0,100.0,-25.0,24,144,168,100.0,0,168,168,0,0.1,False,outputs/expanded_1489/nearest_hard_gen,0.14650361239910126
expanded_1489/random_hard,expanded_1489,1489,random_hard,0.0,100.0,87.5,93.33333333333333,0.0,0.0,0.0,0.29307907571395236,0.34797102212905884,75.0,100.0,-25.0,24,144,168,100.0,0,168,168,0,0.1,False,outputs/expanded_1489/random_hard_gen,0.14650361239910126
expanded_1489/median_hard,expanded_1489,1489,median_hard,0.0,100.0,87.5,93.33333333333333,0.0,0.0,0.0,0.29949089636405307,0.35239607095718384,75.0,100.0,-25.0,24,144,168,100.0,0,168,168,0,0.1,False,outputs/expanded_1489/median_hard_gen,0.14650361239910126
expanded_1489/least_sim_hard,expanded_1489,1489,least_sim_hard,0.0,100.0,87.5,93.33333333333333,0.0,0.0,0.0,0.29307907571395236,0.34797102212905884,75.0,100.0,-25.0,24,144,168,100.0,0,168,168,0,0.1,False,outputs/expanded_1489/least_sim_hard_gen,0.14650361239910126
expanded_1490/nearest_hard,expanded_1490,1490,nearest_hard,8.333333333333332,91.66666666666667,86.52482269503547,89.02155887230515,0.0,0.0,66.66666666666666,0.7048592542608579,0.7377879619598389,73.61111111111111,100.0,-26.388888888888886,24,141,165,100.0,0,168,165,3,0.1,False,outputs/expanded_1490/nearest_hard_gen,0.14650361239910126
expanded_1490/random_hard,expanded_1490,1490,random_hard,0.0,100.0,86.52482269503547,92.77566539923954,0.0,0.0,0.0,0.24593342592318854,0.28074514865875244,73.61111111111111,100.0,-26.388888888888886,24,141,165,100.0,0,168,165,3,0.1,False,outputs/expanded_1490/random_hard_gen,0.14650361239910126
expanded_1490/median_hard,expanded_1490,1490,median_hard,0.0,100.0,86.52482269503547,92.77566539923954,0.0,0.0,0.0,0.28020781216522056,0.3095666170120239,73.61111111111111,100.0,-26.388888888888886,24,141,165,100.0,0,168,165,3,0.1,False,outputs/expanded_1490/median_hard_gen,0.14650361239910126
expanded_1490/least_sim_hard,expanded_1490,1490,least_sim_hard,0.0,100.0,86.52482269503547,92.77566539923954,0.0,0.0,0.0,0.24593342592318854,0.28074514865875244,73.61111111111111,100.0,-26.388888888888886,24,141,165,100.0,0,168,165,3,0.1,False,outputs/expanded_1490/least_sim_hard_gen,0.14650361239910126
expanded_1629/nearest_hard,expanded_1629,1629,nearest_hard,0.0,100.0,88.48920863309353,93.89312977099236,0.0,0.0,0.0,0.6314006373286247,0.6622698307037354,76.47058823529412,100.0,-23.529411764705884,24,139,163,100.0,0,168,163,5,0.1,False,outputs/expanded_1629/nearest_hard_gen,0.14650361239910126
expanded_1629/random_hard,expanded_1629,1629,random_hard,0.0,100.0,88.48920863309353,93.89312977099236,0.0,0.0,0.0,0.3791266866028309,0.4330729842185974,76.47058823529412,100.0,-23.529411764705884,24,139,163,100.0,0,168,163,5,0.1,False,outputs/expanded_1629/random_hard_gen,0.14650361239910126
expanded_1629/median_hard,expanded_1629,1629,median_hard,0.0,100.0,88.48920863309353,93.89312977099236,0.0,0.0,0.0,0.3791266866028309,0.4330729842185974,76.47058823529412,100.0,-23.529411764705884,24,139,163,100.0,0,168,163,5,0.1,False,outputs/expanded_1629/median_hard_gen,0.14650361239910126
expanded_1629/least_sim_hard,expanded_1629,1629,least_sim_hard,0.0,100.0,88.48920863309353,93.89312977099236,0.0,0.0,0.0,0.2833131408939759,0.3462032079696655,76.47058823529412,100.0,-23.529411764705884,24,139,163,100.0,0,168,163,5,0.1,False,outputs/expanded_1629/least_sim_hard_gen,0.14650361239910126
expanded_1630/nearest_hard,expanded_1630,1630,nearest_hard,100.0,0.0,66.66666666666666,0.0,100.0,100.0,100.0,0.7399154021626427,0.7630879878997803,44.285714285714285,88.73239436619718,-44.4466800804829,21,141,162,100.0,0,168,162,6,0.1,False,outputs/expanded_1630/nearest_hard_gen,0.14650361239910126
expanded_1630/random_hard,expanded_1630,1630,random_hard,0.0,100.0,67.37588652482269,80.50847457627118,0.0,0.0,0.0,0.24370610093077025,0.29146987199783325,45.714285714285715,88.73239436619718,-43.01810865191147,24,141,165,100.0,0,168,165,3,0.1,False,outputs/expanded_1630/random_hard_gen,0.14650361239910126
expanded_1630/median_hard,expanded_1630,1630,median_hard,0.0,100.0,66.66666666666666,80.0,0.0,0.0,0.0,0.4441460818052292,0.4732721149921417,44.285714285714285,88.73239436619718,-44.4466800804829,24,141,165,100.0,0,168,165,3,0.1,False,outputs/expanded_1630/median_hard_gen,0.14650361239910126
expanded_1630/least_sim_hard,expanded_1630,1630,least_sim_hard,0.0,100.0,67.37588652482269,80.50847457627118,0.0,0.0,0.0,0.24370610093077025,0.29146987199783325,45.714285714285715,88.73239436619718,-43.01810865191147,24,141,165,100.0,0,168,165,3,0.1,False,outputs/expanded_1630/least_sim_hard_gen,0.14650361239910126
expanded_1819/nearest_hard,expanded_1819,1819,nearest_hard,75.0,25.0,92.02898550724638,39.31888544891641,100.0,100.0,100.0,0.7170257369677225,0.7700298428535461,83.33333333333334,100.0,-16.666666666666657,24,138,162,100.0,0,168,162,6,0.1,False,outputs/expanded_1819/nearest_hard_gen,0.14650361239910126
expanded_1819/random_hard,expanded_1819,1819,random_hard,75.0,25.0,92.02898550724638,39.31888544891641,100.0,100.0,100.0,0.7170257369677225,0.7700298428535461,83.33333333333334,100.0,-16.666666666666657,24,138,162,100.0,0,168,162,6,0.1,False,outputs/expanded_1819/random_hard_gen,0.14650361239910126
expanded_1819/median_hard,expanded_1819,1819,median_hard,0.0,100.0,91.97080291970804,95.81749049429659,0.0,0.0,0.0,0.2233842791368564,0.2761693298816681,83.07692307692308,100.0,-16.92307692307692,24,137,161,100.0,0,168,161,7,0.1,False,outputs/expanded_1819/median_hard_gen,0.14650361239910126
expanded_1819/least_sim_hard,expanded_1819,1819,least_sim_hard,0.0,100.0,92.02898550724638,95.84905660377359,0.0,0.0,0.0,0.24377349205315113,0.28924649953842163,83.33333333333334,100.0,-16.666666666666657,16,138,154,100.0,0,168,154,14,0.1,False,outputs/expanded_1819/least_sim_hard_gen,0.14650361239910126
expanded_2877/nearest_hard,expanded_2877,2877,nearest_hard,100.0,0.0,84.17266187050359,0.0,100.0,100.0,100.0,0.7343965743978819,0.7699355483055115,72.22222222222221,97.01492537313433,-24.792703150912118,24,139,163,100.0,0,168,163,5,0.1,False,outputs/expanded_2877/nearest_hard_gen,0.14650361239910126
expanded_2877/random_hard,expanded_2877,2877,random_hard,100.0,0.0,84.17266187050359,0.0,100.0,100.0,100.0,0.7343965743978819,0.7699355483055115,72.22222222222221,97.01492537313433,-24.792703150912118,24,139,163,100.0,0,168,163,5,0.1,False,outputs/expanded_2877/random_hard_gen,0.14650361239910126
expanded_2877/median_hard,expanded_2877,2877,median_hard,0.0,100.0,84.17266187050359,91.40624999999999,0.0,0.0,0.0,0.24810616423686346,0.31660473346710205,72.22222222222221,97.01492537313433,-24.792703150912118,24,139,163,100.0,0,168,163,5,0.1,False,outputs/expanded_2877/median_hard_gen,0.14650361239910126
expanded_2877/least_sim_hard,expanded_2877,2877,least_sim_hard,0.0,100.0,84.28571428571429,91.47286821705427,0.0,0.0,0.0,0.23975630787511668,0.27004384994506836,72.22222222222221,97.05882352941177,-24.836601307189554,24,140,164,100.0,0,168,164,4,0.1,False,outputs/expanded_2877/least_sim_hard_gen,0.14650361239910126
expanded_3077/nearest_hard,expanded_3077,3077,nearest_hard,0.0,100.0,98.61111111111111,99.3006993006993,0.0,0.0,0.0,0.74136916299661,0.7610026597976685,97.22222222222221,100.0,-2.7777777777777857,24,144,168,100.0,0,168,168,0,0.1,False,outputs/expanded_3077/nearest_hard_gen,0.14650361239910126
expanded_3077/random_hard,expanded_3077,3077,random_hard,0.0,100.0,98.61111111111111,99.3006993006993,0.0,0.0,0.0,0.21610768201450506,0.2582399547100067,97.22222222222221,100.0,-2.7777777777777857,24,144,168,100.0,0,168,168,0,0.1,False,outputs/expanded_3077/random_hard_gen,0.14650361239910126
expanded_3077/median_hard,expanded_3077,3077,median_hard,0.0,100.0,98.61111111111111,99.3006993006993,0.0,0.0,0.0,0.21610768201450506,0.2582399547100067,97.22222222222221,100.0,-2.7777777777777857,24,144,168,100.0,0,168,168,0,0.1,False,outputs/expanded_3077/median_hard_gen,0.14650361239910126
expanded_3077/least_sim_hard,expanded_3077,3077,least_sim_hard,0.0,100.0,98.61111111111111,99.3006993006993,0.0,0.0,0.0,0.19741361712416014,0.24792779982089996,97.22222222222221,100.0,-2.7777777777777857,24,144,168,100.0,0,168,168,0,0.1,False,outputs/expanded_3077/least_sim_hard_gen,0.14650361239910126
expanded_3078/nearest_hard,expanded_3078,3078,nearest_hard,100.0,0.0,92.36111111111111,0.0,100.0,100.0,100.0,0.7698693772157034,0.7954708337783813,84.72222222222221,100.0,-15.277777777777786,24,144,168,100.0,0,168,168,0,0.1,False,outputs/expanded_3078/nearest_hard_gen,0.14650361239910126
expanded_3078/random_hard,expanded_3078,3078,random_hard,100.0,0.0,92.36111111111111,0.0,100.0,100.0,100.0,0.7698693772157034,0.7954708337783813,84.72222222222221,100.0,-15.277777777777786,24,144,168,100.0,0,168,168,0,0.1,False,outputs/expanded_3078/random_hard_gen,0.14650361239910126
expanded_3078/median_hard,expanded_3078,3078,median_hard,0.0,100.0,91.66666666666666,95.65217391304347,0.0,0.0,0.0,0.2100149883578221,0.2673749327659607,83.33333333333334,100.0,-16.666666666666657,24,144,168,100.0,0,168,168,0,0.1,False,outputs/expanded_3078/median_hard_gen,0.14650361239910126
expanded_3078/least_sim_hard,expanded_3078,3078,least_sim_hard,0.0,100.0,92.36111111111111,96.028880866426,0.0,0.0,0.0,0.20749847342570624,0.2392217069864273,84.72222222222221,100.0,-15.277777777777786,24,144,168,100.0,0,168,168,0,0.1,False,outputs/expanded_3078/least_sim_hard_gen,0.14650361239910126
expanded_3465/nearest_hard,expanded_3465,3465,nearest_hard,100.0,0.0,87.41258741258741,0.0,100.0,100.0,100.0,0.7734222908814748,0.7831754684448242,74.64788732394366,100.0,-25.352112676056336,24,143,167,100.0,0,168,167,1,0.1,False,outputs/expanded_3465/nearest_hard_gen,0.14650361239910126
expanded_3465/random_hard,expanded_3465,3465,random_hard,0.0,100.0,88.11188811188812,93.68029739776954,0.0,0.0,0.0,0.33062581345438957,0.39218616485595703,76.05633802816901,100.0,-23.94366197183099,24,143,167,100.0,0,168,167,1,0.1,False,outputs/expanded_3465/random_hard_gen,0.14650361239910126
expanded_3465/median_hard,expanded_3465,3465,median_hard,0.0,100.0,88.11188811188812,93.68029739776954,0.0,0.0,0.0,0.33062581345438957,0.39218616485595703,76.05633802816901,100.0,-23.94366197183099,24,143,167,100.0,0,168,167,1,0.1,False,outputs/expanded_3465/median_hard_gen,0.14650361239910126
expanded_3465/least_sim_hard,expanded_3465,3465,least_sim_hard,0.0,100.0,88.65248226950354,93.98496240601504,0.0,0.0,0.0,0.3575161372621854,0.40055328607559204,76.81159420289855,100.0,-23.188405797101453,24,141,165,100.0,0,168,165,3,0.1,False,outputs/expanded_3465/least_sim_hard_gen,0.14650361239910126
expanded_3467/nearest_hard,expanded_3467,3467,nearest_hard,0.0,100.0,98.57142857142858,99.28057553956836,0.0,0.0,0.0,0.34975171958406764,0.38012921810150146,97.14285714285714,100.0,-2.857142857142861,24,140,164,100.0,0,168,164,4,0.1,False,outputs/expanded_3467/nearest_hard_gen,0.14650361239910126
expanded_3467/random_hard,expanded_3467,3467,random_hard,0.0,100.0,100.0,100.0,0.0,0.0,0.0,0.1963601571818193,0.24522307515144348,100.0,100.0,0.0,24,139,163,100.0,0,168,163,5,0.1,False,outputs/expanded_3467/random_hard_gen,0.14650361239910126
expanded_3467/median_hard,expanded_3467,3467,median_hard,0.0,100.0,100.0,100.0,0.0,0.0,0.0,0.1827356138577064,0.22174304723739624,100.0,100.0,0.0,24,139,163,100.0,0,168,163,5,0.1,False,outputs/expanded_3467/median_hard_gen,0.14650361239910126
expanded_3467/least_sim_hard,expanded_3467,3467,least_sim_hard,0.0,100.0,100.0,100.0,0.0,0.0,0.0,0.1963601571818193,0.24522307515144348,100.0,100.0,0.0,24,139,163,100.0,0,168,163,5,0.1,False,outputs/expanded_3467/least_sim_hard_gen,0.14650361239910126
expanded_3693/nearest_hard,expanded_3693,3693,nearest_hard,75.0,25.0,99.30555555555556,39.944134078212294,100.0,100.0,100.0,0.524324099222819,0.5915899872779846,98.61111111111111,100.0,-1.3888888888888857,24,144,168,100.0,0,168,168,0,0.1,False,outputs/expanded_3693/nearest_hard_gen,0.14650361239910126
expanded_3693/random_hard,expanded_3693,3693,random_hard,0.0,100.0,98.61111111111111,99.3006993006993,0.0,0.0,0.0,0.18718807150920233,0.2571471333503723,97.22222222222221,100.0,-2.7777777777777857,24,144,168,100.0,0,168,168,0,0.1,False,outputs/expanded_3693/random_hard_gen,0.14650361239910126
expanded_3693/median_hard,expanded_3693,3693,median_hard,0.0,100.0,99.30555555555556,99.65156794425089,0.0,0.0,0.0,0.1530888540049394,0.1923648566007614,98.61111111111111,100.0,-1.3888888888888857,24,144,168,100.0,0,168,168,0,0.1,False,outputs/expanded_3693/median_hard_gen,0.14650361239910126
expanded_3693/least_sim_hard,expanded_3693,3693,least_sim_hard,0.0,100.0,98.61111111111111,99.3006993006993,0.0,0.0,0.0,0.18718807150920233,0.2571471333503723,97.22222222222221,100.0,-2.7777777777777857,24,144,168,100.0,0,168,168,0,0.1,False,outputs/expanded_3693/least_sim_hard_gen,0.14650361239910126
expanded_3920/nearest_hard,expanded_3920,3920,nearest_hard,0.0,100.0,95.1048951048951,97.49103942652332,0.0,0.0,0.0,0.48590710510810214,0.5384117364883423,93.05555555555556,97.1830985915493,-4.127543035993739,24,143,167,100.0,0,168,167,1,0.1,False,outputs/expanded_3920/nearest_hard_gen,0.14650361239910126
expanded_3920/random_hard,expanded_3920,3920,random_hard,0.0,100.0,95.07042253521126,97.47292418772562,0.0,0.0,0.0,0.09427219877640407,0.14389848709106445,93.05555555555556,97.14285714285714,-4.087301587301582,24,142,166,100.0,0,168,166,2,0.1,False,outputs/expanded_3920/random_hard_gen,0.14650361239910126
expanded_3920/median_hard,expanded_3920,3920,median_hard,0.0,100.0,95.07042253521126,97.47292418772562,0.0,0.0,0.0,0.2523700476934512,0.3317223787307739,93.05555555555556,97.14285714285714,-4.087301587301582,24,142,166,100.0,0,168,166,2,0.1,False,outputs/expanded_3920/median_hard_gen,0.14650361239910126
expanded_3920/least_sim_hard,expanded_3920,3920,least_sim_hard,0.0,100.0,95.07042253521126,97.47292418772562,0.0,0.0,0.0,0.09427219877640407,0.14389848709106445,93.05555555555556,97.14285714285714,-4.087301587301582,24,142,166,100.0,0,168,166,2,0.1,False,outputs/expanded_3920/least_sim_hard_gen,0.14650361239910126
expanded_4015/nearest_hard,expanded_4015,4015,nearest_hard,8.333333333333332,91.66666666666667,77.77777777777779,84.15300546448088,0.0,33.33333333333333,33.33333333333333,0.7640835344791412,0.7970967888832092,55.55555555555556,100.0,-44.44444444444444,24,144,168,100.0,0,168,168,0,0.1,False,outputs/expanded_4015/nearest_hard_gen,0.14650361239910126
expanded_4015/random_hard,expanded_4015,4015,random_hard,8.333333333333332,91.66666666666667,77.77777777777779,84.15300546448088,0.0,33.33333333333333,33.33333333333333,0.7640835344791412,0.7970967888832092,55.55555555555556,100.0,-44.44444444444444,24,144,168,100.0,0,168,168,0,0.1,False,outputs/expanded_4015/random_hard_gen,0.14650361239910126
expanded_4015/median_hard,expanded_4015,4015,median_hard,62.5,37.5,77.08333333333334,50.45454545454546,100.0,100.0,100.0,0.18809285697837672,0.25198298692703247,54.166666666666664,100.0,-45.833333333333336,24,144,168,100.0,0,168,168,0,0.1,False,outputs/expanded_4015/median_hard_gen,0.14650361239910126
expanded_4015/least_sim_hard,expanded_4015,4015,least_sim_hard,0.0,100.0,77.08333333333334,87.05882352941177,0.0,0.0,0.0,0.16591284020493427,0.22452637553215027,54.166666666666664,100.0,-45.833333333333336,24,144,168,100.0,0,168,168,0,0.1,False,outputs/expanded_4015/least_sim_hard_gen,0.14650361239910126
expanded_4016/nearest_hard,expanded_4016,4016,nearest_hard,87.5,12.5,67.37588652482269,21.08768035516093,100.0,100.0,100.0,0.794602687160174,0.8248103260993958,38.88888888888889,97.10144927536231,-58.21256038647342,24,141,165,100.0,0,168,165,3,0.1,False,outputs/expanded_4016/nearest_hard_gen,0.14650361239910126
expanded_4016/random_hard,expanded_4016,4016,random_hard,87.5,12.5,67.37588652482269,21.08768035516093,100.0,100.0,100.0,0.794602687160174,0.8248103260993958,38.88888888888889,97.10144927536231,-58.21256038647342,24,141,165,100.0,0,168,165,3,0.1,False,outputs/expanded_4016/random_hard_gen,0.14650361239910126
expanded_4016/median_hard,expanded_4016,4016,median_hard,16.666666666666664,83.33333333333334,67.37588652482269,74.50980392156863,0.0,0.0,100.0,0.15759900957345963,0.2156522274017334,38.88888888888889,97.10144927536231,-58.21256038647342,24,141,165,100.0,0,168,165,3,0.1,False,outputs/expanded_4016/median_hard_gen,0.14650361239910126
expanded_4016/least_sim_hard,expanded_4016,4016,least_sim_hard,0.0,100.0,67.37588652482269,80.50847457627118,0.0,0.0,0.0,0.0888253073208034,0.12067844718694687,38.88888888888889,97.10144927536231,-58.21256038647342,24,141,165,100.0,0,168,165,3,0.1,False,outputs/expanded_4016/least_sim_hard_gen,0.14650361239910126
expanded_4040/nearest_hard,expanded_4040,4040,nearest_hard,12.5,87.5,95.8041958041958,91.46399618502622,0.0,0.0,100.0,0.767708440621694,0.7948024272918701,91.66666666666666,100.0,-8.333333333333343,24,143,167,100.0,0,168,167,1,0.1,False,outputs/expanded_4040/nearest_hard_gen,0.14650361239910126
expanded_4040/random_hard,expanded_4040,4040,random_hard,12.5,87.5,95.8041958041958,91.46399618502622,0.0,0.0,100.0,0.767708440621694,0.7948024272918701,91.66666666666666,100.0,-8.333333333333343,24,143,167,100.0,0,168,167,1,0.1,False,outputs/expanded_4040/random_hard_gen,0.14650361239910126
expanded_4040/median_hard,expanded_4040,4040,median_hard,0.0,100.0,96.5034965034965,98.22064056939502,0.0,0.0,0.0,0.24679002946331388,0.27934736013412476,93.05555555555556,100.0,-6.944444444444443,21,143,164,100.0,0,168,164,4,0.1,False,outputs/expanded_4040/median_hard_gen,0.14650361239910126
expanded_4040/least_sim_hard,expanded_4040,4040,least_sim_hard,0.0,100.0,96.5034965034965,98.22064056939502,0.0,0.0,0.0,0.21189806734522185,0.24287483096122742,93.05555555555556,100.0,-6.944444444444443,24,143,167,100.0,0,168,167,1,0.1,False,outputs/expanded_4040/least_sim_hard_gen,0.14650361239910126
expanded_4426/nearest_hard,expanded_4426,4426,nearest_hard,95.83333333333334,4.166666666666657,99.30555555555556,7.997762863534658,100.0,100.0,100.0,0.7813962772488594,0.8234857320785522,98.61111111111111,100.0,-1.3888888888888857,24,144,168,100.0,0,168,168,0,0.1,False,outputs/expanded_4426/nearest_hard_gen,0.14650361239910126
expanded_4426/random_hard,expanded_4426,4426,random_hard,95.83333333333334,4.166666666666657,99.30555555555556,7.997762863534658,100.0,100.0,100.0,0.7813962772488594,0.8234857320785522,98.61111111111111,100.0,-1.3888888888888857,24,144,168,100.0,0,168,168,0,0.1,False,outputs/expanded_4426/random_hard_gen,0.14650361239910126
expanded_4426/median_hard,expanded_4426,4426,median_hard,0.0,100.0,98.61111111111111,99.3006993006993,0.0,0.0,0.0,0.26069502097864944,0.30100104212760925,97.22222222222221,100.0,-2.7777777777777857,24,144,168,100.0,0,168,168,0,0.1,False,outputs/expanded_4426/median_hard_gen,0.14650361239910126
expanded_4426/least_sim_hard,expanded_4426,4426,least_sim_hard,0.0,100.0,98.61111111111111,99.3006993006993,0.0,0.0,0.0,0.2961159187058608,0.4052627682685852,97.22222222222221,100.0,-2.7777777777777857,24,144,168,100.0,0,168,168,0,0.1,False,outputs/expanded_4426/least_sim_hard_gen,0.14650361239910126
expanded_4427/nearest_hard,expanded_4427,4427,nearest_hard,33.33333333333333,66.66666666666667,92.36111111111111,77.43813682678312,0.0,100.0,100.0,0.7654340043663979,0.7972142696380615,84.72222222222221,100.0,-15.277777777777786,24,144,168,100.0,0,168,168,0,0.1,False,outputs/expanded_4427/nearest_hard_gen,0.14650361239910126
expanded_4427/random_hard,expanded_4427,4427,random_hard,0.0,100.0,91.66666666666666,95.65217391304347,0.0,0.0,0.0,0.3003241674353679,0.344834566116333,83.33333333333334,100.0,-16.666666666666657,24,144,168,100.0,0,168,168,0,0.1,False,outputs/expanded_4427/random_hard_gen,0.14650361239910126
expanded_4427/median_hard,expanded_4427,4427,median_hard,0.0,100.0,91.66666666666666,95.65217391304347,0.0,0.0,0.0,0.3003241674353679,0.344834566116333,83.33333333333334,100.0,-16.666666666666657,24,144,168,100.0,0,168,168,0,0.1,False,outputs/expanded_4427/median_hard_gen,0.14650361239910126
expanded_4427/least_sim_hard,expanded_4427,4427,least_sim_hard,0.0,100.0,91.66666666666666,95.65217391304347,0.0,0.0,0.0,0.2712373559673627,0.3598518669605255,83.33333333333334,100.0,-16.666666666666657,24,144,168,100.0,0,168,168,0,0.1,False,outputs/expanded_4427/least_sim_hard_gen,0.14650361239910126
expanded_4430/nearest_hard,expanded_4430,4430,nearest_hard,0.0,100.0,100.0,100.0,0.0,0.0,0.0,0.6309988846381506,0.6762778759002686,100.0,100.0,0.0,24,144,168,100.0,0,168,168,0,0.1,False,outputs/expanded_4430/nearest_hard_gen,0.14650361239910126
expanded_4430/random_hard,expanded_4430,4430,random_hard,0.0,100.0,100.0,100.0,0.0,0.0,0.0,0.6309988846381506,0.6762778759002686,100.0,100.0,0.0,24,144,168,100.0,0,168,168,0,0.1,False,outputs/expanded_4430/random_hard_gen,0.14650361239910126
expanded_4430/median_hard,expanded_4430,4430,median_hard,0.0,100.0,100.0,100.0,0.0,0.0,0.0,0.22002648375928402,0.2642667889595032,100.0,100.0,0.0,24,144,168,100.0,0,168,168,0,0.1,False,outputs/expanded_4430/median_hard_gen,0.14650361239910126
expanded_4430/least_sim_hard,expanded_4430,4430,least_sim_hard,0.0,100.0,100.0,100.0,0.0,0.0,0.0,0.3028547875583172,0.3577280044555664,100.0,100.0,0.0,24,144,168,100.0,0,168,168,0,0.1,False,outputs/expanded_4430/least_sim_hard_gen,0.14650361239910126
expanded_4431/nearest_hard,expanded_4431,4431,nearest_hard,100.0,0.0,84.02777777777779,0.0,100.0,100.0,100.0,0.7748098398248354,0.7992064952850342,68.05555555555556,100.0,-31.944444444444443,24,144,168,100.0,0,168,168,0,0.1,False,outputs/expanded_4431/nearest_hard_gen,0.14650361239910126
expanded_4431/random_hard,expanded_4431,4431,random_hard,100.0,0.0,84.02777777777779,0.0,100.0,100.0,100.0,0.7748098398248354,0.7992064952850342,68.05555555555556,100.0,-31.944444444444443,24,144,168,100.0,0,168,168,0,0.1,False,outputs/expanded_4431/random_hard_gen,0.14650361239910126
expanded_4431/median_hard,expanded_4431,4431,median_hard,0.0,100.0,83.33333333333334,90.9090909090909,0.0,0.0,0.0,0.29638657967249554,0.32638484239578247,66.66666666666666,100.0,-33.33333333333334,24,144,168,100.0,0,168,168,0,0.1,False,outputs/expanded_4431/median_hard_gen,0.14650361239910126
expanded_4431/least_sim_hard,expanded_4431,4431,least_sim_hard,0.0,100.0,84.02777777777779,91.32075471698116,0.0,0.0,0.0,0.27877433349688846,0.30772143602371216,68.05555555555556,100.0,-31.944444444444443,24,144,168,100.0,0,168,168,0,0.1,False,outputs/expanded_4431/least_sim_hard_gen,0.14650361239910126
expanded_5094/nearest_hard,expanded_5094,5094,nearest_hard,0.0,100.0,97.85714285714285,98.91696750902527,0.0,0.0,0.0,0.7171442707379659,0.7513663172721863,97.1830985915493,98.55072463768117,-1.3676260461318748,24,140,164,100.0,0,168,164,4,0.1,False,outputs/expanded_5094/nearest_hard_gen,0.14650361239910126
expanded_5094/random_hard,expanded_5094,5094,random_hard,0.0,100.0,98.57142857142858,99.28057553956836,0.0,0.0,0.0,0.38305836791793507,0.45496654510498047,98.59154929577466,98.55072463768117,0.040824658093484345,24,140,164,100.0,0,168,164,4,0.1,False,outputs/expanded_5094/random_hard_gen,0.14650361239910126
expanded_5094/median_hard,expanded_5094,5094,median_hard,0.0,100.0,98.57142857142858,99.28057553956836,0.0,0.0,0.0,0.38305836791793507,0.45496654510498047,98.59154929577466,98.55072463768117,0.040824658093484345,24,140,164,100.0,0,168,164,4,0.1,False,outputs/expanded_5094/median_hard_gen,0.14650361239910126
expanded_5094/least_sim_hard,expanded_5094,5094,least_sim_hard,0.0,100.0,97.85714285714285,98.91696750902527,0.0,0.0,0.0,0.3265217033525308,0.36916491389274597,97.1830985915493,98.55072463768117,-1.3676260461318748,24,140,164,100.0,0,168,164,4,0.1,False,outputs/expanded_5094/least_sim_hard_gen,0.14650361239910126
expanded_5095/nearest_hard,expanded_5095,5095,nearest_hard,87.5,12.5,90.64748201438849,21.97035745422842,100.0,100.0,100.0,0.7720543071627617,0.7909063696861267,81.69014084507043,100.0,-18.30985915492957,24,139,163,100.0,0,168,163,5,0.1,False,outputs/expanded_5095/nearest_hard_gen,0.14650361239910126
expanded_5095/random_hard,expanded_5095,5095,random_hard,0.0,100.0,92.14285714285714,95.91078066914498,0.0,0.0,0.0,0.3097447541852792,0.34415560960769653,84.50704225352112,100.0,-15.49295774647888,24,140,164,100.0,0,168,164,4,0.1,False,outputs/expanded_5095/random_hard_gen,0.14650361239910126
expanded_5095/median_hard,expanded_5095,5095,median_hard,0.0,100.0,89.28571428571429,94.33962264150945,0.0,0.0,0.0,0.3981446623802185,0.4456959068775177,80.28169014084507,98.55072463768117,-18.2690344968361,24,140,164,100.0,0,168,164,4,0.1,False,outputs/expanded_5095/median_hard_gen,0.14650361239910126
expanded_5095/least_sim_hard,expanded_5095,5095,least_sim_hard,0.0,100.0,92.14285714285714,95.91078066914498,0.0,0.0,0.0,0.3097447541852792,0.34415560960769653,84.50704225352112,100.0,-15.49295774647888,24,140,164,100.0,0,168,164,4,0.1,False,outputs/expanded_5095/least_sim_hard_gen,0.14650361239910126
expanded_7110/nearest_hard,expanded_7110,7110,nearest_hard,87.5,12.5,86.01398601398601,21.827861579414375,100.0,100.0,100.0,0.8033461918433508,0.8201563358306885,72.22222222222221,100.0,-27.777777777777786,24,143,167,100.0,0,168,167,1,0.1,False,outputs/expanded_7110/nearest_hard_gen,0.14650361239910126
expanded_7110/random_hard,expanded_7110,7110,random_hard,0.0,100.0,86.01398601398601,92.48120300751879,0.0,0.0,0.0,0.22849498254557452,0.3114045262336731,72.22222222222221,100.0,-27.777777777777786,24,143,167,100.0,0,168,167,1,0.1,False,outputs/expanded_7110/random_hard_gen,0.14650361239910126
expanded_7110/median_hard,expanded_7110,7110,median_hard,0.0,100.0,86.01398601398601,92.48120300751879,0.0,0.0,0.0,0.22881875870128474,0.2564055919647217,72.22222222222221,100.0,-27.777777777777786,24,143,167,100.0,0,168,167,1,0.1,False,outputs/expanded_7110/median_hard_gen,0.14650361239910126
expanded_7110/least_sim_hard,expanded_7110,7110,least_sim_hard,0.0,100.0,86.01398601398601,92.48120300751879,0.0,0.0,0.0,0.22849498254557452,0.3114045262336731,72.22222222222221,100.0,-27.777777777777786,24,143,167,100.0,0,168,167,1,0.1,False,outputs/expanded_7110/least_sim_hard_gen,0.14650361239910126
expanded_9007/nearest_hard,expanded_9007,9007,nearest_hard,0.0,100.0,94.44444444444444,97.14285714285712,0.0,0.0,0.0,0.5013150076071421,0.5320554971694946,88.88888888888889,100.0,-11.111111111111114,24,144,168,100.0,0,168,168,0,0.1,False,outputs/expanded_9007/nearest_hard_gen,0.14650361239910126
expanded_9007/random_hard,expanded_9007,9007,random_hard,0.0,100.0,94.44444444444444,97.14285714285712,0.0,0.0,0.0,0.29003916184107464,0.31493160128593445,88.88888888888889,100.0,-11.111111111111114,24,144,168,100.0,0,168,168,0,0.1,False,outputs/expanded_9007/random_hard_gen,0.14650361239910126
expanded_9007/median_hard,expanded_9007,9007,median_hard,0.0,100.0,94.44444444444444,97.14285714285712,0.0,0.0,0.0,0.29003916184107464,0.31493160128593445,88.88888888888889,100.0,-11.111111111111114,24,144,168,100.0,0,168,168,0,0.1,False,outputs/expanded_9007/median_hard_gen,0.14650361239910126
expanded_9007/least_sim_hard,expanded_9007,9007,least_sim_hard,0.0,100.0,94.44444444444444,97.14285714285712,0.0,0.0,0.0,0.12887980742380023,0.18479959666728973,88.88888888888889,100.0,-11.111111111111114,24,144,168,100.0,0,168,168,0,0.1,False,outputs/expanded_9007/least_sim_hard_gen,0.14650361239910126
expanded_10039/nearest_hard,expanded_10039,10039,nearest_hard,62.5,37.5,88.65248226950354,52.705551651440615,100.0,100.0,100.0,0.7814925933877627,0.8202290534973145,77.77777777777779,100.0,-22.222222222222214,24,141,165,100.0,0,168,165,3,0.1,False,outputs/expanded_10039/nearest_hard_gen,0.14650361239910126
expanded_10039/random_hard,expanded_10039,10039,random_hard,0.0,100.0,88.65248226950354,93.98496240601504,0.0,0.0,0.0,0.20386249385774136,0.23955897986888885,77.77777777777779,100.0,-22.222222222222214,24,141,165,100.0,0,168,165,3,0.1,False,outputs/expanded_10039/random_hard_gen,0.14650361239910126
expanded_10039/median_hard,expanded_10039,10039,median_hard,0.0,100.0,88.65248226950354,93.98496240601504,0.0,0.0,0.0,0.20386249385774136,0.23955897986888885,77.77777777777779,100.0,-22.222222222222214,24,141,165,100.0,0,168,165,3,0.1,False,outputs/expanded_10039/median_hard_gen,0.14650361239910126
expanded_10039/least_sim_hard,expanded_10039,10039,least_sim_hard,0.0,100.0,88.65248226950354,93.98496240601504,0.0,0.0,0.0,0.21213205565105786,0.2629520297050476,77.77777777777779,100.0,-22.222222222222214,22,141,163,100.0,0,168,163,5,0.1,False,outputs/expanded_10039/least_sim_hard_gen,0.14650361239910126
