run_key,experiment_name,forget_id,policy,candidate_index,candidate_identity,similarity_to_forget,similarity_rank_ascending,selected
expanded_437/nearest_hard,expanded_437,437,nearest_hard,1,931,0.8855254650115967,3,True
expanded_437/nearest_hard,expanded_437,437,nearest_hard,2,1351,0.31231486797332764,2,False
expanded_437/nearest_hard,expanded_437,437,nearest_hard,3,7782,0.24753329157829285,1,False
expanded_437/random_hard,expanded_437,437,random_hard,1,931,0.8855254650115967,3,False
expanded_437/random_hard,expanded_437,437,random_hard,2,1351,0.31231486797332764,2,True
expanded_437/random_hard,expanded_437,437,random_hard,3,7782,0.24753329157829285,1,False
expanded_437/median_hard,expanded_437,437,median_hard,1,931,0.8855254650115967,3,False
expanded_437/median_hard,expanded_437,437,median_hard,2,1351,0.31231486797332764,2,True
expanded_437/median_hard,expanded_437,437,median_hard,3,7782,0.24753329157829285,1,False
expanded_437/least_sim_hard,expanded_437,437,least_sim_hard,1,931,0.8855254650115967,3,False
expanded_437/least_sim_hard,expanded_437,437,least_sim_hard,2,1351,0.31231486797332764,2,False
expanded_437/least_sim_hard,expanded_437,437,least_sim_hard,3,7782,0.24753329157829285,1,True
expanded_900/nearest_hard,expanded_900,900,nearest_hard,1,909,0.8597148060798645,3,True
expanded_900/nearest_hard,expanded_900,900,nearest_hard,2,238,0.3453413248062134,2,False
expanded_900/nearest_hard,expanded_900,900,nearest_hard,3,9671,0.2782435417175293,1,False
expanded_900/random_hard,expanded_900,900,random_hard,1,909,0.8597148060798645,3,True
expanded_900/random_hard,expanded_900,900,random_hard,2,238,0.3453413248062134,2,False
expanded_900/random_hard,expanded_900,900,random_hard,3,9671,0.2782435417175293,1,False
expanded_900/median_hard,expanded_900,900,median_hard,1,909,0.8597148060798645,3,False
expanded_900/median_hard,expanded_900,900,median_hard,2,238,0.3453413248062134,2,True
expanded_900/median_hard,expanded_900,900,median_hard,3,9671,0.2782435417175293,1,False
expanded_900/least_sim_hard,expanded_900,900,least_sim_hard,1,909,0.8597148060798645,3,False
expanded_900/least_sim_hard,expanded_900,900,least_sim_hard,2,238,0.3453413248062134,2,False
expanded_900/least_sim_hard,expanded_900,900,least_sim_hard,3,9671,0.2782435417175293,1,True
expanded_909/nearest_hard,expanded_909,909,nearest_hard,1,900,0.7515740394592285,3,True
expanded_909/nearest_hard,expanded_909,909,nearest_hard,2,238,0.253473699092865,1,False
expanded_909/nearest_hard,expanded_909,909,nearest_hard,3,610,0.34270578622817993,2,False
expanded_909/random_hard,expanded_909,909,random_hard,1,900,0.7515740394592285,3,True
expanded_909/random_hard,expanded_909,909,random_hard,2,238,0.253473699092865,1,False
expanded_909/random_hard,expanded_909,909,random_hard,3,610,0.34270578622817993,2,False
expanded_909/median_hard,expanded_909,909,median_hard,1,900,0.7515740394592285,3,False
expanded_909/median_hard,expanded_909,909,median_hard,2,238,0.253473699092865,1,False
expanded_909/median_hard,expanded_909,909,median_hard,3,610,0.34270578622817993,2,True
expanded_909/least_sim_hard,expanded_909,909,least_sim_hard,1,900,0.7515740394592285,3,False
expanded_909/least_sim_hard,expanded_909,909,least_sim_hard,2,238,0.253473699092865,1,True
expanded_909/least_sim_hard,expanded_909,909,least_sim_hard,3,610,0.34270578622817993,2,False
expanded_1116/nearest_hard,expanded_1116,1116,nearest_hard,1,2877,0.7938684225082397,3,True
expanded_1116/nearest_hard,expanded_1116,1116,nearest_hard,2,4600,0.23369872570037842,2,False
expanded_1116/nearest_hard,expanded_1116,1116,nearest_hard,3,7237,0.20468489825725555,1,False
expanded_1116/random_hard,expanded_1116,1116,random_hard,1,2877,0.7938684225082397,3,True
expanded_1116/random_hard,expanded_1116,1116,random_hard,2,4600,0.23369872570037842,2,False
expanded_1116/random_hard,expanded_1116,1116,random_hard,3,7237,0.20468489825725555,1,False
expanded_1116/median_hard,expanded_1116,1116,median_hard,1,2877,0.7938684225082397,3,False
expanded_1116/median_hard,expanded_1116,1116,median_hard,2,4600,0.23369872570037842,2,True
expanded_1116/median_hard,expanded_1116,1116,median_hard,3,7237,0.20468489825725555,1,False
expanded_1116/least_sim_hard,expanded_1116,1116,least_sim_hard,1,2877,0.7938684225082397,3,False
expanded_1116/least_sim_hard,expanded_1116,1116,least_sim_hard,2,4600,0.23369872570037842,2,False
expanded_1116/least_sim_hard,expanded_1116,1116,least_sim_hard,3,7237,0.20468489825725555,1,True
expanded_1368/nearest_hard,expanded_1368,1368,nearest_hard,1,1375,0.8327707052230835,3,True
expanded_1368/nearest_hard,expanded_1368,1368,nearest_hard,2,8722,0.28634607791900635,1,False
expanded_1368/nearest_hard,expanded_1368,1368,nearest_hard,3,384,0.29094403982162476,2,False
expanded_1368/random_hard,expanded_1368,1368,random_hard,1,1375,0.8327707052230835,3,False
expanded_1368/random_hard,expanded_1368,1368,random_hard,2,8722,0.28634607791900635,1,True
expanded_1368/random_hard,expanded_1368,1368,random_hard,3,384,0.29094403982162476,2,False
expanded_1368/median_hard,expanded_1368,1368,median_hard,1,1375,0.8327707052230835,3,False
expanded_1368/median_hard,expanded_1368,1368,median_hard,2,8722,0.28634607791900635,1,False
expanded_1368/median_hard,expanded_1368,1368,median_hard,3,384,0.29094403982162476,2,True
expanded_1368/least_sim_hard,expanded_1368,1368,least_sim_hard,1,1375,0.8327707052230835,3,False
expanded_1368/least_sim_hard,expanded_1368,1368,least_sim_hard,2,8722,0.28634607791900635,1,True
expanded_1368/least_sim_hard,expanded_1368,1368,least_sim_hard,3,384,0.29094403982162476,2,False
expanded_1375/nearest_hard,expanded_1375,1375,nearest_hard,1,1368,0.9101989269256592,3,True
expanded_1375/nearest_hard,expanded_1375,1375,nearest_hard,2,8722,0.31110602617263794,1,False
expanded_1375/nearest_hard,expanded_1375,1375,nearest_hard,3,384,0.3230573534965515,2,False
expanded_1375/random_hard,expanded_1375,1375,random_hard,1,1368,0.9101989269256592,3,False
expanded_1375/random_hard,expanded_1375,1375,random_hard,2,8722,0.31110602617263794,1,False
expanded_1375/random_hard,expanded_1375,1375,random_hard,3,384,0.3230573534965515,2,True
expanded_1375/median_hard,expanded_1375,1375,median_hard,1,1368,0.9101989269256592,3,False
expanded_1375/median_hard,expanded_1375,1375,median_hard,2,8722,0.31110602617263794,1,False
expanded_1375/median_hard,expanded_1375,1375,median_hard,3,384,0.3230573534965515,2,True
expanded_1375/least_sim_hard,expanded_1375,1375,least_sim_hard,1,1368,0.9101989269256592,3,False
expanded_1375/least_sim_hard,expanded_1375,1375,least_sim_hard,2,8722,0.31110602617263794,1,True
expanded_1375/least_sim_hard,expanded_1375,1375,least_sim_hard,3,384,0.3230573534965515,2,False
expanded_1489/nearest_hard,expanded_1489,1489,nearest_hard,1,1490,0.7436854839324951,3,True
expanded_1489/nearest_hard,expanded_1489,1489,nearest_hard,2,2930,0.2859888970851898,2,False
expanded_1489/nearest_hard,expanded_1489,1489,nearest_hard,3,358,0.27648264169692993,1,False
expanded_1489/random_hard,expanded_1489,1489,random_hard,1,1490,0.7436854839324951,3,False
expanded_1489/random_hard,expanded_1489,1489,random_hard,2,2930,0.2859888970851898,2,False
expanded_1489/random_hard,expanded_1489,1489,random_hard,3,358,0.27648264169692993,1,True
expanded_1489/median_hard,expanded_1489,1489,median_hard,1,1490,0.7436854839324951,3,False
expanded_1489/median_hard,expanded_1489,1489,median_hard,2,2930,0.2859888970851898,2,True
expanded_1489/median_hard,expanded_1489,1489,median_hard,3,358,0.27648264169692993,1,False
expanded_1489/least_sim_hard,expanded_1489,1489,least_sim_hard,1,1490,0.7436854839324951,3,False
expanded_1489/least_sim_hard,expanded_1489,1489,least_sim_hard,2,2930,0.2859888970851898,2,False
expanded_1489/least_sim_hard,expanded_1489,1489,least_sim_hard,3,358,0.27648264169692993,1,True
expanded_1490/nearest_hard,expanded_1490,1490,nearest_hard,1,1489,0.865782618522644,3,True
expanded_1490/nearest_hard,expanded_1490,1490,nearest_hard,2,2930,0.3777328133583069,2,False
expanded_1490/nearest_hard,expanded_1490,1490,nearest_hard,3,358,0.33047711849212646,1,False
expanded_1490/random_hard,expanded_1490,1490,random_hard,1,1489,0.865782618522644,3,False
expanded_1490/random_hard,expanded_1490,1490,random_hard,2,2930,0.3777328133583069,2,False
expanded_1490/random_hard,expanded_1490,1490,random_hard,3,358,0.33047711849212646,1,True
expanded_1490/median_hard,expanded_1490,1490,median_hard,1,1489,0.865782618522644,3,False
expanded_1490/median_hard,expanded_1490,1490,median_hard,2,2930,0.3777328133583069,2,True
expanded_1490/median_hard,expanded_1490,1490,median_hard,3,358,0.33047711849212646,1,False
expanded_1490/least_sim_hard,expanded_1490,1490,least_sim_hard,1,1489,0.865782618522644,3,False
expanded_1490/least_sim_hard,expanded_1490,1490,least_sim_hard,2,2930,0.3777328133583069,2,False
expanded_1490/least_sim_hard,expanded_1490,1490,least_sim_hard,3,358,0.33047711849212646,1,True
expanded_1629/nearest_hard,expanded_1629,1629,nearest_hard,1,1630,0.8942027688026428,3,True
expanded_1629/nearest_hard,expanded_1629,1629,nearest_hard,2,2953,0.36802545189857483,2,False
expanded_1629/nearest_hard,expanded_1629,1629,nearest_hard,3,6217,0.3220369517803192,1,False
expanded_1629/random_hard,expanded_1629,1629,random_hard,1,1630,0.8942027688026428,3,False
expanded_1629/random_hard,expanded_1629,1629,random_hard,2,2953,0.36802545189857483,2,True
expanded_1629/random_hard,expanded_1629,1629,random_hard,3,6217,0.3220369517803192,1,False
expanded_1629/median_hard,expanded_1629,1629,median_hard,1,1630,0.8942027688026428,3,False
expanded_1629/median_hard,expanded_1629,1629,median_hard,2,2953,0.36802545189857483,2,True
expanded_1629/median_hard,expanded_1629,1629,median_hard,3,6217,0.3220369517803192,1,False
expanded_1629/least_sim_hard,expanded_1629,1629,least_sim_hard,1,1630,0.8942027688026428,3,False
expanded_1629/least_sim_hard,expanded_1629,1629,least_sim_hard,2,2953,0.36802545189857483,2,False
expanded_1629/least_sim_hard,expanded_1629,1629,least_sim_hard,3,6217,0.3220369517803192,1,True
expanded_1630/nearest_hard,expanded_1630,1630,nearest_hard,1,1629,0.9016630053520203,3,True
expanded_1630/nearest_hard,expanded_1630,1630,nearest_hard,2,2953,0.3633449673652649,2,False
expanded_1630/nearest_hard,expanded_1630,1630,nearest_hard,3,6217,0.25095030665397644,1,False
expanded_1630/random_hard,expanded_1630,1630,random_hard,1,1629,0.9016630053520203,3,False
expanded_1630/random_hard,expanded_1630,1630,random_hard,2,2953,0.3633449673652649,2,False
expanded_1630/random_hard,expanded_1630,1630,random_hard,3,6217,0.25095030665397644,1,True
expanded_1630/median_hard,expanded_1630,1630,median_hard,1,1629,0.9016630053520203,3,False
expanded_1630/median_hard,expanded_1630,1630,median_hard,2,2953,0.3633449673652649,2,True
expanded_1630/median_hard,expanded_1630,1630,median_hard,3,6217,0.25095030665397644,1,False
expanded_1630/least_sim_hard,expanded_1630,1630,least_sim_hard,1,1629,0.9016630053520203,3,False
expanded_1630/least_sim_hard,expanded_1630,1630,least_sim_hard,2,2953,0.3633449673652649,2,False
expanded_1630/least_sim_hard,expanded_1630,1630,least_sim_hard,3,6217,0.25095030665397644,1,True
expanded_1819/nearest_hard,expanded_1819,1819,nearest_hard,1,1818,0.9082443714141846,3,True
expanded_1819/nearest_hard,expanded_1819,1819,nearest_hard,2,102,0.24938282370567322,1,False
expanded_1819/nearest_hard,expanded_1819,1819,nearest_hard,3,3848,0.26930898427963257,2,False
expanded_1819/random_hard,expanded_1819,1819,random_hard,1,1818,0.9082443714141846,3,True
expanded_1819/random_hard,expanded_1819,1819,random_hard,2,102,0.24938282370567322,1,False
expanded_1819/random_hard,expanded_1819,1819,random_hard,3,3848,0.26930898427963257,2,False
expanded_1819/median_hard,expanded_1819,1819,median_hard,1,1818,0.9082443714141846,3,False
expanded_1819/median_hard,expanded_1819,1819,median_hard,2,102,0.24938282370567322,1,False
expanded_1819/median_hard,expanded_1819,1819,median_hard,3,3848,0.26930898427963257,2,True
expanded_1819/least_sim_hard,expanded_1819,1819,least_sim_hard,1,1818,0.9082443714141846,3,False
expanded_1819/least_sim_hard,expanded_1819,1819,least_sim_hard,2,102,0.24938282370567322,1,True
expanded_1819/least_sim_hard,expanded_1819,1819,least_sim_hard,3,3848,0.26930898427963257,2,False
expanded_2877/nearest_hard,expanded_2877,2877,nearest_hard,1,1116,0.8656468391418457,3,True
expanded_2877/nearest_hard,expanded_2877,2877,nearest_hard,2,4600,0.2944827675819397,1,False
expanded_2877/nearest_hard,expanded_2877,2877,nearest_hard,3,7237,0.3224891424179077,2,False
expanded_2877/random_hard,expanded_2877,2877,random_hard,1,1116,0.8656468391418457,3,True
expanded_2877/random_hard,expanded_2877,2877,random_hard,2,4600,0.2944827675819397,1,False
expanded_2877/random_hard,expanded_2877,2877,random_hard,3,7237,0.3224891424179077,2,False
expanded_2877/median_hard,expanded_2877,2877,median_hard,1,1116,0.8656468391418457,3,False
expanded_2877/median_hard,expanded_2877,2877,median_hard,2,4600,0.2944827675819397,1,False
expanded_2877/median_hard,expanded_2877,2877,median_hard,3,7237,0.3224891424179077,2,True
expanded_2877/least_sim_hard,expanded_2877,2877,least_sim_hard,1,1116,0.8656468391418457,3,False
expanded_2877/least_sim_hard,expanded_2877,2877,least_sim_hard,2,4600,0.2944827675819397,1,True
expanded_2877/least_sim_hard,expanded_2877,2877,least_sim_hard,3,7237,0.3224891424179077,2,False
expanded_3077/nearest_hard,expanded_3077,3077,nearest_hard,1,3078,0.9116132259368896,3,True
expanded_3077/nearest_hard,expanded_3077,3077,nearest_hard,2,5240,0.27057909965515137,1,False
expanded_3077/nearest_hard,expanded_3077,3077,nearest_hard,3,4367,0.31274858117103577,2,False
expanded_3077/random_hard,expanded_3077,3077,random_hard,1,3078,0.9116132259368896,3,False
expanded_3077/random_hard,expanded_3077,3077,random_hard,2,5240,0.27057909965515137,1,False
expanded_3077/random_hard,expanded_3077,3077,random_hard,3,4367,0.31274858117103577,2,True
expanded_3077/median_hard,expanded_3077,3077,median_hard,1,3078,0.9116132259368896,3,False
expanded_3077/median_hard,expanded_3077,3077,median_hard,2,5240,0.27057909965515137,1,False
expanded_3077/median_hard,expanded_3077,3077,median_hard,3,4367,0.31274858117103577,2,True
expanded_3077/least_sim_hard,expanded_3077,3077,least_sim_hard,1,3078,0.9116132259368896,3,False
expanded_3077/least_sim_hard,expanded_3077,3077,least_sim_hard,2,5240,0.27057909965515137,1,True
expanded_3077/least_sim_hard,expanded_3077,3077,least_sim_hard,3,4367,0.31274858117103577,2,False
expanded_3078/nearest_hard,expanded_3078,3078,nearest_hard,1,3077,0.9200803637504578,3,True
expanded_3078/nearest_hard,expanded_3078,3078,nearest_hard,2,5240,0.3013828694820404,2,False
expanded_3078/nearest_hard,expanded_3078,3078,nearest_hard,3,4367,0.2898251712322235,1,False
expanded_3078/random_hard,expanded_3078,3078,random_hard,1,3077,0.9200803637504578,3,True
expanded_3078/random_hard,expanded_3078,3078,random_hard,2,5240,0.3013828694820404,2,False
expanded_3078/random_hard,expanded_3078,3078,random_hard,3,4367,0.2898251712322235,1,False
expanded_3078/median_hard,expanded_3078,3078,median_hard,1,3077,0.9200803637504578,3,False
expanded_3078/median_hard,expanded_3078,3078,median_hard,2,5240,0.3013828694820404,2,True
expanded_3078/median_hard,expanded_3078,3078,median_hard,3,4367,0.2898251712322235,1,False
expanded_3078/least_sim_hard,expanded_3078,3078,least_sim_hard,1,3077,0.9200803637504578,3,False
expanded_3078/least_sim_hard,expanded_3078,3078,least_sim_hard,2,5240,0.3013828694820404,2,False
expanded_3078/least_sim_hard,expanded_3078,3078,least_sim_hard,3,4367,0.2898251712322235,1,True
expanded_3465/nearest_hard,expanded_3465,3465,nearest_hard,1,3467,0.9043560028076172,3,True
expanded_3465/nearest_hard,expanded_3465,3465,nearest_hard,2,7624,0.38032710552215576,2,False
expanded_3465/nearest_hard,expanded_3465,3465,nearest_hard,3,2882,0.3502427339553833,1,False
expanded_3465/random_hard,expanded_3465,3465,random_hard,1,3467,0.9043560028076172,3,False
expanded_3465/random_hard,expanded_3465,3465,random_hard,2,7624,0.38032710552215576,2,True
expanded_3465/random_hard,expanded_3465,3465,random_hard,3,2882,0.3502427339553833,1,False
expanded_3465/median_hard,expanded_3465,3465,median_hard,1,3467,0.9043560028076172,3,False
expanded_3465/median_hard,expanded_3465,3465,median_hard,2,7624,0.38032710552215576,2,True
expanded_3465/median_hard,expanded_3465,3465,median_hard,3,2882,0.3502427339553833,1,False
expanded_3465/least_sim_hard,expanded_3465,3465,least_sim_hard,1,3467,0.9043560028076172,3,False
expanded_3465/least_sim_hard,expanded_3465,3465,least_sim_hard,2,7624,0.38032710552215576,2,False
expanded_3465/least_sim_hard,expanded_3465,3465,least_sim_hard,3,2882,0.3502427339553833,1,True
expanded_3467/nearest_hard,expanded_3467,3467,nearest_hard,1,3465,0.773377001285553,3,True
expanded_3467/nearest_hard,expanded_3467,3467,nearest_hard,2,7624,0.3734317719936371,2,False
expanded_3467/nearest_hard,expanded_3467,3467,nearest_hard,3,2882,0.2737230658531189,1,False
expanded_3467/random_hard,expanded_3467,3467,random_hard,1,3465,0.773377001285553,3,False
expanded_3467/random_hard,expanded_3467,3467,random_hard,2,7624,0.3734317719936371,2,False
expanded_3467/random_hard,expanded_3467,3467,random_hard,3,2882,0.2737230658531189,1,True
expanded_3467/median_hard,expanded_3467,3467,median_hard,1,3465,0.773377001285553,3,False
expanded_3467/median_hard,expanded_3467,3467,median_hard,2,7624,0.3734317719936371,2,True
expanded_3467/median_hard,expanded_3467,3467,median_hard,3,2882,0.2737230658531189,1,False
expanded_3467/least_sim_hard,expanded_3467,3467,least_sim_hard,1,3465,0.773377001285553,3,False
expanded_3467/least_sim_hard,expanded_3467,3467,least_sim_hard,2,7624,0.3734317719936371,2,False
expanded_3467/least_sim_hard,expanded_3467,3467,least_sim_hard,3,2882,0.2737230658531189,1,True
expanded_3693/nearest_hard,expanded_3693,3693,nearest_hard,1,3920,0.8541353344917297,3,True
expanded_3693/nearest_hard,expanded_3693,3693,nearest_hard,2,3918,0.22559183835983276,1,False
expanded_3693/nearest_hard,expanded_3693,3693,nearest_hard,3,5747,0.29654592275619507,2,False
expanded_3693/random_hard,expanded_3693,3693,random_hard,1,3920,0.8541353344917297,3,False
expanded_3693/random_hard,expanded_3693,3693,random_hard,2,3918,0.22559183835983276,1,True
expanded_3693/random_hard,expanded_3693,3693,random_hard,3,5747,0.29654592275619507,2,False
expanded_3693/median_hard,expanded_3693,3693,median_hard,1,3920,0.8541353344917297,3,False
expanded_3693/median_hard,expanded_3693,3693,median_hard,2,3918,0.22559183835983276,1,False
expanded_3693/median_hard,expanded_3693,3693,median_hard,3,5747,0.29654592275619507,2,True
expanded_3693/least_sim_hard,expanded_3693,3693,least_sim_hard,1,3920,0.8541353344917297,3,False
expanded_3693/least_sim_hard,expanded_3693,3693,least_sim_hard,2,3918,0.22559183835983276,1,True
expanded_3693/least_sim_hard,expanded_3693,3693,least_sim_hard,3,5747,0.29654592275619507,2,False
expanded_3920/nearest_hard,expanded_3920,3920,nearest_hard,1,3693,0.8478947877883911,3,True
expanded_3920/nearest_hard,expanded_3920,3920,nearest_hard,2,3918,0.43543487787246704,2,False
expanded_3920/nearest_hard,expanded_3920,3920,nearest_hard,3,5577,0.3106212019920349,1,False
expanded_3920/random_hard,expanded_3920,3920,random_hard,1,3693,0.8478947877883911,3,False
expanded_3920/random_hard,expanded_3920,3920,random_hard,2,3918,0.43543487787246704,2,False
expanded_3920/random_hard,expanded_3920,3920,random_hard,3,5577,0.3106212019920349,1,True
expanded_3920/median_hard,expanded_3920,3920,median_hard,1,3693,0.8478947877883911,3,False
expanded_3920/median_hard,expanded_3920,3920,median_hard,2,3918,0.43543487787246704,2,True
expanded_3920/median_hard,expanded_3920,3920,median_hard,3,5577,0.3106212019920349,1,False
expanded_3920/least_sim_hard,expanded_3920,3920,least_sim_hard,1,3693,0.8478947877883911,3,False
expanded_3920/least_sim_hard,expanded_3920,3920,least_sim_hard,2,3918,0.43543487787246704,2,False
expanded_3920/least_sim_hard,expanded_3920,3920,least_sim_hard,3,5577,0.3106212019920349,1,True
expanded_4015/nearest_hard,expanded_4015,4015,nearest_hard,1,4016,0.8748234510421753,3,True
expanded_4015/nearest_hard,expanded_4015,4015,nearest_hard,2,3882,0.32466739416122437,2,False
expanded_4015/nearest_hard,expanded_4015,4015,nearest_hard,3,6836,0.249898299574852,1,False
expanded_4015/random_hard,expanded_4015,4015,random_hard,1,4016,0.8748234510421753,3,True
expanded_4015/random_hard,expanded_4015,4015,random_hard,2,3882,0.32466739416122437,2,False
expanded_4015/random_hard,expanded_4015,4015,random_hard,3,6836,0.249898299574852,1,False
expanded_4015/median_hard,expanded_4015,4015,median_hard,1,4016,0.8748234510421753,3,False
expanded_4015/median_hard,expanded_4015,4015,median_hard,2,3882,0.32466739416122437,2,True
expanded_4015/median_hard,expanded_4015,4015,median_hard,3,6836,0.249898299574852,1,False
expanded_4015/least_sim_hard,expanded_4015,4015,least_sim_hard,1,4016,0.8748234510421753,3,False
expanded_4015/least_sim_hard,expanded_4015,4015,least_sim_hard,2,3882,0.32466739416122437,2,False
expanded_4015/least_sim_hard,expanded_4015,4015,least_sim_hard,3,6836,0.249898299574852,1,True
expanded_4016/nearest_hard,expanded_4016,4016,nearest_hard,1,4015,0.9258601665496826,3,True
expanded_4016/nearest_hard,expanded_4016,4016,nearest_hard,2,3882,0.3129567801952362,2,False
expanded_4016/nearest_hard,expanded_4016,4016,nearest_hard,3,7449,0.2904475927352905,1,False
expanded_4016/random_hard,expanded_4016,4016,random_hard,1,4015,0.9258601665496826,3,True
expanded_4016/random_hard,expanded_4016,4016,random_hard,2,3882,0.3129567801952362,2,False
expanded_4016/random_hard,expanded_4016,4016,random_hard,3,7449,0.2904475927352905,1,False
expanded_4016/median_hard,expanded_4016,4016,median_hard,1,4015,0.9258601665496826,3,False
expanded_4016/median_hard,expanded_4016,4016,median_hard,2,3882,0.3129567801952362,2,True
expanded_4016/median_hard,expanded_4016,4016,median_hard,3,7449,0.2904475927352905,1,False
expanded_4016/least_sim_hard,expanded_4016,4016,least_sim_hard,1,4015,0.9258601665496826,3,False
expanded_4016/least_sim_hard,expanded_4016,4016,least_sim_hard,2,3882,0.3129567801952362,2,False
expanded_4016/least_sim_hard,expanded_4016,4016,least_sim_hard,3,7449,0.2904475927352905,1,True
expanded_4040/nearest_hard,expanded_4040,4040,nearest_hard,1,10039,0.9098246097564697,3,True
expanded_4040/nearest_hard,expanded_4040,4040,nearest_hard,2,6951,0.2952794134616852,2,False
expanded_4040/nearest_hard,expanded_4040,4040,nearest_hard,3,1426,0.2809801697731018,1,False
expanded_4040/random_hard,expanded_4040,4040,random_hard,1,10039,0.9098246097564697,3,True
expanded_4040/random_hard,expanded_4040,4040,random_hard,2,6951,0.2952794134616852,2,False
expanded_4040/random_hard,expanded_4040,4040,random_hard,3,1426,0.2809801697731018,1,False
expanded_4040/median_hard,expanded_4040,4040,median_hard,1,10039,0.9098246097564697,3,False
expanded_4040/median_hard,expanded_4040,4040,median_hard,2,6951,0.2952794134616852,2,True
expanded_4040/median_hard,expanded_4040,4040,median_hard,3,1426,0.2809801697731018,1,False
expanded_4040/least_sim_hard,expanded_4040,4040,least_sim_hard,1,10039,0.9098246097564697,3,False
expanded_4040/least_sim_hard,expanded_4040,4040,least_sim_hard,2,6951,0.2952794134616852,2,False
expanded_4040/least_sim_hard,expanded_4040,4040,least_sim_hard,3,1426,0.2809801697731018,1,True
expanded_4426/nearest_hard,expanded_4426,4426,nearest_hard,1,4427,0.9164549112319946,3,True
expanded_4426/nearest_hard,expanded_4426,4426,nearest_hard,2,409,0.3475584089756012,2,False
expanded_4426/nearest_hard,expanded_4426,4426,nearest_hard,3,6046,0.31292635202407837,1,False
expanded_4426/random_hard,expanded_4426,4426,random_hard,1,4427,0.9164549112319946,3,True
expanded_4426/random_hard,expanded_4426,4426,random_hard,2,409,0.3475584089756012,2,False
expanded_4426/random_hard,expanded_4426,4426,random_hard,3,6046,0.31292635202407837,1,False
expanded_4426/median_hard,expanded_4426,4426,median_hard,1,4427,0.9164549112319946,3,False
expanded_4426/median_hard,expanded_4426,4426,median_hard,2,409,0.3475584089756012,2,True
expanded_4426/median_hard,expanded_4426,4426,median_hard,3,6046,0.31292635202407837,1,False
expanded_4426/least_sim_hard,expanded_4426,4426,least_sim_hard,1,4427,0.9164549112319946,3,False
expanded_4426/least_sim_hard,expanded_4426,4426,least_sim_hard,2,409,0.3475584089756012,2,False
expanded_4426/least_sim_hard,expanded_4426,4426,least_sim_hard,3,6046,0.31292635202407837,1,True
expanded_4427/nearest_hard,expanded_4427,4427,nearest_hard,1,4426,0.9471950531005859,3,True
expanded_4427/nearest_hard,expanded_4427,4427,nearest_hard,2,409,0.32100868225097656,2,False
expanded_4427/nearest_hard,expanded_4427,4427,nearest_hard,3,6046,0.3053010404109955,1,False
expanded_4427/random_hard,expanded_4427,4427,random_hard,1,4426,0.9471950531005859,3,False
expanded_4427/random_hard,expanded_4427,4427,random_hard,2,409,0.32100868225097656,2,True
expanded_4427/random_hard,expanded_4427,4427,random_hard,3,6046,0.3053010404109955,1,False
expanded_4427/median_hard,expanded_4427,4427,median_hard,1,4426,0.9471950531005859,3,False
expanded_4427/median_hard,expanded_4427,4427,median_hard,2,409,0.32100868225097656,2,True
expanded_4427/median_hard,expanded_4427,4427,median_hard,3,6046,0.3053010404109955,1,False
expanded_4427/least_sim_hard,expanded_4427,4427,least_sim_hard,1,4426,0.9471950531005859,3,False
expanded_4427/least_sim_hard,expanded_4427,4427,least_sim_hard,2,409,0.32100868225097656,2,False
expanded_4427/least_sim_hard,expanded_4427,4427,least_sim_hard,3,6046,0.3053010404109955,1,True
expanded_4430/nearest_hard,expanded_4430,4430,nearest_hard,1,4431,0.9188615083694458,3,True
expanded_4430/nearest_hard,expanded_4430,4430,nearest_hard,2,2235,0.3074941635131836,1,False
expanded_4430/nearest_hard,expanded_4430,4430,nearest_hard,3,2962,0.3255099356174469,2,False
expanded_4430/random_hard,expanded_4430,4430,random_hard,1,4431,0.9188615083694458,3,True
expanded_4430/random_hard,expanded_4430,4430,random_hard,2,2235,0.3074941635131836,1,False
expanded_4430/random_hard,expanded_4430,4430,random_hard,3,2962,0.3255099356174469,2,False
expanded_4430/median_hard,expanded_4430,4430,median_hard,1,4431,0.9188615083694458,3,False
expanded_4430/median_hard,expanded_4430,4430,median_hard,2,2235,0.3074941635131836,1,False
expanded_4430/median_hard,expanded_4430,4430,median_hard,3,2962,0.3255099356174469,2,True
expanded_4430/least_sim_hard,expanded_4430,4430,least_sim_hard,1,4431,0.9188615083694458,3,False
expanded_4430/least_sim_hard,expanded_4430,4430,least_sim_hard,2,2235,0.3074941635131836,1,True
expanded_4430/least_sim_hard,expanded_4430,4430,least_sim_hard,3,2962,0.3255099356174469,2,False
expanded_4431/nearest_hard,expanded_4431,4431,nearest_hard,1,4430,0.8893424272537231,3,True
expanded_4431/nearest_hard,expanded_4431,4431,nearest_hard,2,2962,0.30159157514572144,1,False
expanded_4431/nearest_hard,expanded_4431,4431,nearest_hard,3,2235,0.3321038484573364,2,False
expanded_4431/random_hard,expanded_4431,4431,random_hard,1,4430,0.8893424272537231,3,True
expanded_4431/random_hard,expanded_4431,4431,random_hard,2,2962,0.30159157514572144,1,False
expanded_4431/random_hard,expanded_4431,4431,random_hard,3,2235,0.3321038484573364,2,False
expanded_4431/median_hard,expanded_4431,4431,median_hard,1,4430,0.8893424272537231,3,False
expanded_4431/median_hard,expanded_4431,4431,median_hard,2,2962,0.30159157514572144,1,False
expanded_4431/median_hard,expanded_4431,4431,median_hard,3,2235,0.3321038484573364,2,True
expanded_4431/least_sim_hard,expanded_4431,4431,least_sim_hard,1,4430,0.8893424272537231,3,False
expanded_4431/least_sim_hard,expanded_4431,4431,least_sim_hard,2,2962,0.30159157514572144,1,True
expanded_4431/least_sim_hard,expanded_4431,4431,least_sim_hard,3,2235,0.3321038484573364,2,False
expanded_5094/nearest_hard,expanded_5094,5094,nearest_hard,1,5095,0.9085071086883545,3,True
expanded_5094/nearest_hard,expanded_5094,5094,nearest_hard,2,7344,0.42836761474609375,2,False
expanded_5094/nearest_hard,expanded_5094,5094,nearest_hard,3,9175,0.3798982501029968,1,False
expanded_5094/random_hard,expanded_5094,5094,random_hard,1,5095,0.9085071086883545,3,False
expanded_5094/random_hard,expanded_5094,5094,random_hard,2,7344,0.42836761474609375,2,True
expanded_5094/random_hard,expanded_5094,5094,random_hard,3,9175,0.3798982501029968,1,False
expanded_5094/median_hard,expanded_5094,5094,median_hard,1,5095,0.9085071086883545,3,False
expanded_5094/median_hard,expanded_5094,5094,median_hard,2,7344,0.42836761474609375,2,True
expanded_5094/median_hard,expanded_5094,5094,median_hard,3,9175,0.3798982501029968,1,False
expanded_5094/least_sim_hard,expanded_5094,5094,least_sim_hard,1,5095,0.9085071086883545,3,False
expanded_5094/least_sim_hard,expanded_5094,5094,least_sim_hard,2,7344,0.42836761474609375,2,False
expanded_5094/least_sim_hard,expanded_5094,5094,least_sim_hard,3,9175,0.3798982501029968,1,True
expanded_5095/nearest_hard,expanded_5095,5095,nearest_hard,1,5094,0.9277671575546265,3,True
expanded_5095/nearest_hard,expanded_5095,5095,nearest_hard,2,7344,0.4626442790031433,2,False
expanded_5095/nearest_hard,expanded_5095,5095,nearest_hard,3,9175,0.36739373207092285,1,False
expanded_5095/random_hard,expanded_5095,5095,random_hard,1,5094,0.9277671575546265,3,False
expanded_5095/random_hard,expanded_5095,5095,random_hard,2,7344,0.4626442790031433,2,False
expanded_5095/random_hard,expanded_5095,5095,random_hard,3,9175,0.36739373207092285,1,True
expanded_5095/median_hard,expanded_5095,5095,median_hard,1,5094,0.9277671575546265,3,False
expanded_5095/median_hard,expanded_5095,5095,median_hard,2,7344,0.4626442790031433,2,True
expanded_5095/median_hard,expanded_5095,5095,median_hard,3,9175,0.36739373207092285,1,False
expanded_5095/least_sim_hard,expanded_5095,5095,least_sim_hard,1,5094,0.9277671575546265,3,False
expanded_5095/least_sim_hard,expanded_5095,5095,least_sim_hard,2,7344,0.4626442790031433,2,False
expanded_5095/least_sim_hard,expanded_5095,5095,least_sim_hard,3,9175,0.36739373207092285,1,True
expanded_7110/nearest_hard,expanded_7110,7110,nearest_hard,1,7113,0.9286210536956787,3,True
expanded_7110/nearest_hard,expanded_7110,7110,nearest_hard,2,3014,0.33064448833465576,2,False
expanded_7110/nearest_hard,expanded_7110,7110,nearest_hard,3,1221,0.2862815260887146,1,False
expanded_7110/random_hard,expanded_7110,7110,random_hard,1,7113,0.9286210536956787,3,False
expanded_7110/random_hard,expanded_7110,7110,random_hard,2,3014,0.33064448833465576,2,False
expanded_7110/random_hard,expanded_7110,7110,random_hard,3,1221,0.2862815260887146,1,True
expanded_7110/median_hard,expanded_7110,7110,median_hard,1,7113,0.9286210536956787,3,False
expanded_7110/median_hard,expanded_7110,7110,median_hard,2,3014,0.33064448833465576,2,True
expanded_7110/median_hard,expanded_7110,7110,median_hard,3,1221,0.2862815260887146,1,False
expanded_7110/least_sim_hard,expanded_7110,7110,least_sim_hard,1,7113,0.9286210536956787,3,False
expanded_7110/least_sim_hard,expanded_7110,7110,least_sim_hard,2,3014,0.33064448833465576,2,False
expanded_7110/least_sim_hard,expanded_7110,7110,least_sim_hard,3,1221,0.2862815260887146,1,True
expanded_9007/nearest_hard,expanded_9007,9007,nearest_hard,1,507,0.5033526420593262,2,False
expanded_9007/nearest_hard,expanded_9007,9007,nearest_hard,2,7770,0.565701961517334,3,True
expanded_9007/nearest_hard,expanded_9007,9007,nearest_hard,3,222,0.23297032713890076,1,False
expanded_9007/random_hard,expanded_9007,9007,random_hard,1,507,0.5033526420593262,2,True
expanded_9007/random_hard,expanded_9007,9007,random_hard,2,7770,0.565701961517334,3,False
expanded_9007/random_hard,expanded_9007,9007,random_hard,3,222,0.23297032713890076,1,False
expanded_9007/median_hard,expanded_9007,9007,median_hard,1,507,0.5033526420593262,2,True
expanded_9007/median_hard,expanded_9007,9007,median_hard,2,7770,0.565701961517334,3,False
expanded_9007/median_hard,expanded_9007,9007,median_hard,3,222,0.23297032713890076,1,False
expanded_9007/least_sim_hard,expanded_9007,9007,least_sim_hard,1,507,0.5033526420593262,2,False
expanded_9007/least_sim_hard,expanded_9007,9007,least_sim_hard,2,7770,0.565701961517334,3,False
expanded_9007/least_sim_hard,expanded_9007,9007,least_sim_hard,3,222,0.23297032713890076,1,True
expanded_10039/nearest_hard,expanded_10039,10039,nearest_hard,1,4040,0.9282287955284119,3,True
expanded_10039/nearest_hard,expanded_10039,10039,nearest_hard,2,6951,0.27963367104530334,1,False
expanded_10039/nearest_hard,expanded_10039,10039,nearest_hard,3,1426,0.2892968952655792,2,False
expanded_10039/random_hard,expanded_10039,10039,random_hard,1,4040,0.9282287955284119,3,False
expanded_10039/random_hard,expanded_10039,10039,random_hard,2,6951,0.27963367104530334,1,False
expanded_10039/random_hard,expanded_10039,10039,random_hard,3,1426,0.2892968952655792,2,True
expanded_10039/median_hard,expanded_10039,10039,median_hard,1,4040,0.9282287955284119,3,False
expanded_10039/median_hard,expanded_10039,10039,median_hard,2,6951,0.27963367104530334,1,False
expanded_10039/median_hard,expanded_10039,10039,median_hard,3,1426,0.2892968952655792,2,True
expanded_10039/least_sim_hard,expanded_10039,10039,least_sim_hard,1,4040,0.9282287955284119,3,False
expanded_10039/least_sim_hard,expanded_10039,10039,least_sim_hard,2,6951,0.27963367104530334,1,True
expanded_10039/least_sim_hard,expanded_10039,10039,least_sim_hard,3,1426,0.2892968952655792,2,False
